application_row,score_pd,feature,observed_value,reference_value,pd_impact,absolute_impact,direction
1,0.48424256962119827,checking_status,0<=X<200,no checking,0.20373127375917716,0.20373127375917716,increases_risk
1,0.48424256962119827,duration,48,18.0,0.16627001057962476,0.16627001057962476,increases_risk
1,0.48424256962119827,age,22,33.0,0.07658449198082556,0.07658449198082556,increases_risk
1,0.48424256962119827,personal_status,female div/dep/mar,male single,0.047081593587832204,0.047081593587832204,increases_risk
2,0.08046408685328776,duration,12,18.0,-0.07067942102981661,0.07067942102981661,reduces_risk
2,0.08046408685328776,age,49,33.0,-0.0641022390546134,0.0641022390546134,reduces_risk
2,0.08046408685328776,credit_history,critical/other existing credit,existing paid,-0.027136890977433284,0.027136890977433284,reduces_risk
2,0.08046408685328776,purpose,education,radio/tv,0.019167538381505478,0.019167538381505478,increases_risk
6,0.12134313846461547,savings_status,500<=X<1000,<100,-0.05305714828030958,0.05305714828030958,reduces_risk
6,0.12134313846461547,purpose,furniture/equipment,radio/tv,0.016783977813155437,0.016783977813155437,increases_risk
6,0.12134313846461547,age,53,33.0,0.012035927533512028,0.012035927533512028,increases_risk
6,0.12134313846461547,employment,>=7,1<=X<4,-0.010583720194151491,0.010583720194151491,reduces_risk
11,0.8110761039043265,checking_status,<0,no checking,0.3226693391084256,0.3226693391084256,increases_risk
11,0.8110761039043265,duration,48,18.0,0.14550026673622718,0.14550026673622718,increases_risk
11,0.8110761039043265,credit_amount,4308,2372.0,0.059716601643741596,0.059716601643741596,increases_risk
11,0.8110761039043265,employment,<1,1<=X<4,0.04728512321324563,0.04728512321324563,increases_risk
13,0.4862943647084814,checking_status,<0,no checking,0.3339898837591804,0.3339898837591804,increases_risk
13,0.4862943647084814,credit_history,critical/other existing credit,existing paid,-0.20043836010435956,0.20043836010435956,reduces_risk
13,0.4862943647084814,credit_amount,1199,2372.0,0.10692920382621268,0.10692920382621268,increases_risk
13,0.4862943647084814,purpose,new car,radio/tv,0.07743905676074797,0.07743905676074797,increases_risk
21,0.10700393343331088,duration,6,18.0,-0.18536241091684902,0.18536241091684902,reduces_risk
21,0.10700393343331088,checking_status,<0,no checking,0.05708746693498135,0.05708746693498135,increases_risk
21,0.10700393343331088,installment_commitment,2,4.0,-0.039218880827736224,0.039218880827736224,reduces_risk
21,0.10700393343331088,property_magnitude,real estate,car,-0.026860266659175958,0.026860266659175958,reduces_risk
22,0.13238206969156177,duration,10,18.0,-0.1338938743124423,0.1338938743124423,reduces_risk
22,0.13238206969156177,credit_history,critical/other existing credit,existing paid,-0.06791701822084081,0.06791701822084081,reduces_risk
22,0.13238206969156177,age,48,33.0,-0.060647374801999,0.060647374801999,reduces_risk
22,0.13238206969156177,checking_status,<0,no checking,0.05255806672904681,0.05255806672904681,increases_risk
28,0.07359825551623908,duration,7,18.0,-0.15786959702485873,0.15786959702485873,reduces_risk
28,0.07359825551623908,other_parties,guarantor,none,-0.026905120646671415,0.026905120646671415,reduces_risk
28,0.07359825551623908,property_magnitude,real estate,car,-0.024611385246999046,0.024611385246999046,reduces_risk
28,0.07359825551623908,checking_status,0<=X<200,no checking,0.02251173732798783,0.02251173732798783,increases_risk
30,0.2450650857053792,savings_status,>=1000,<100,-0.18185953765003735,0.18185953765003735,reduces_risk
30,0.2450650857053792,checking_status,0<=X<200,no checking,0.09781262807581956,0.09781262807581956,increases_risk
30,0.2450650857053792,credit_amount,1913,2372.0,0.028709727784025446,0.028709727784025446,increases_risk
30,0.2450650857053792,employment,<1,1<=X<4,0.02361855159852433,0.02361855159852433,increases_risk
38,0.22825162322411388,duration,10,18.0,-0.14670909413400804,0.14670909413400804,reduces_risk
38,0.22825162322411388,checking_status,>=200,no checking,0.11296969879762737,0.11296969879762737,increases_risk
38,0.22825162322411388,credit_amount,1225,2372.0,0.0709654438951152,0.0709654438951152,increases_risk
38,0.22825162322411388,installment_commitment,2,4.0,-0.02794958618391799,0.02794958618391799,reduces_risk
43,0.26488887981112524,checking_status,<0,no checking,0.1669546142870854,0.1669546142870854,increases_risk
43,0.26488887981112524,purpose,used car,radio/tv,-0.10827871221724938,0.10827871221724938,reduces_risk
43,0.26488887981112524,credit_history,critical/other existing credit,existing paid,-0.06130855102226085,0.06130855102226085,reduces_risk
43,0.26488887981112524,personal_status,male mar/wid,male single,0.060776400229763106,0.060776400229763106,increases_risk
46,0.10869639291282074,savings_status,500<=X<1000,<100,-0.04734856376991306,0.04734856376991306,reduces_risk
46,0.10869639291282074,duration,36,18.0,0.01230250828840361,0.01230250828840361,increases_risk
46,0.10869639291282074,credit_amount,2299,2372.0,-0.00398996654457022,0.00398996654457022,reduces_risk
46,0.10869639291282074,employment,>=7,1<=X<4,-0.0009904972962720832,0.0009904972962720832,reduces_risk
47,0.276317726196699,duration,6,18.0,-0.1461590462592215,0.1461590462592215,reduces_risk
47,0.276317726196699,checking_status,<0,no checking,0.1408384939857927,0.1408384939857927,increases_risk
47,0.276317726196699,personal_status,female div/dep/mar,male single,0.08888890154095483,0.08888890154095483,increases_risk
47,0.276317726196699,installment_commitment,1,4.0,-0.06958394213116148,0.06958394213116148,reduces_risk
52,0.12404166145262685,duration,12,18.0,-0.048933654508861085,0.048933654508861085,reduces_risk
52,0.12404166145262685,credit_amount,1262,2372.0,0.013019764825847324,0.013019764825847324,increases_risk
52,0.12404166145262685,age,25,33.0,0.008757413165539976,0.008757413165539976,increases_risk
52,0.12404166145262685,installment_commitment,3,4.0,-0.0025455740563058438,0.0025455740563058438,reduces_risk
64,0.20675986095267795,employment,<1,1<=X<4,0.050590575702788465,0.050590575702788465,increases_risk
64,0.20675986095267795,personal_status,female div/dep/mar,male single,0.02822349658994852,0.02822349658994852,increases_risk
64,0.20675986095267795,credit_amount,3181,2372.0,-0.009244817859335203,0.009244817859335203,reduces_risk
64,0.20675986095267795,own_telephone,yes,none,-0.004246793065902171,0.004246793065902171,reduces_risk
70,0.43273292004472125,credit_amount,8133,2372.0,0.21350212039804256,0.21350212039804256,increases_risk
70,0.43273292004472125,other_payment_plans,bank,none,0.16623527034180507,0.16623527034180507,increases_risk
70,0.43273292004472125,personal_status,female div/dep/mar,male single,0.0999972571449862,0.0999972571449862,increases_risk
70,0.43273292004472125,purpose,used car,radio/tv,-0.07044159636916864,0.07044159636916864,reduces_risk
78,0.205084622669644,savings_status,no known savings,<100,-0.16951336587343274,0.16951336587343274,reduces_risk
78,0.205084622669644,credit_history,no credits/all paid,existing paid,0.09121962777229,0.09121962777229,increases_risk
78,0.205084622669644,credit_amount,9436,2372.0,0.07162866353779734,0.07162866353779734,increases_risk
78,0.205084622669644,installment_commitment,2,4.0,-0.048303924634135575,0.048303924634135575,reduces_risk
83,0.36525530105191956,checking_status,<0,no checking,0.24665755276309637,0.24665755276309637,increases_risk
83,0.36525530105191956,other_parties,guarantor,none,-0.10653000509128796,0.10653000509128796,reduces_risk
83,0.36525530105191956,duration,24,18.0,0.035440052238498554,0.035440052238498554,increases_risk
83,0.36525530105191956,job,unskilled resident,skilled,-0.022578738143734345,0.022578738143734345,reduces_risk
85,0.07681999583515882,duration,12,18.0,-0.04888490213463871,0.04888490213463871,reduces_risk
85,0.07681999583515882,other_parties,guarantor,none,-0.015513550613951585,0.015513550613951585,reduces_risk
85,0.07681999583515882,credit_history,critical/other existing credit,existing paid,-0.008405183423761897,0.008405183423761897,reduces_risk
85,0.07681999583515882,personal_status,female div/dep/mar,male single,0.007334521528074067,0.007334521528074067,increases_risk
89,0.5646524380729671,checking_status,<0,no checking,0.369290708332885,0.369290708332885,increases_risk
89,0.5646524380729671,credit_history,no credits/all paid,existing paid,0.18230308812371127,0.18230308812371127,increases_risk
89,0.5646524380729671,duration,12,18.0,-0.13000594100899698,0.13000594100899698,reduces_risk
89,0.5646524380729671,property_magnitude,real estate,car,-0.11178024670427156,0.11178024670427156,reduces_risk
96,0.08782762458113731,age,61,33.0,-0.04955877820229322,0.04955877820229322,reduces_risk
96,0.08782762458113731,credit_history,critical/other existing credit,existing paid,-0.04311444926922754,0.04311444926922754,reduces_risk
96,0.08782762458113731,duration,12,18.0,-0.04038248188983566,0.04038248188983566,reduces_risk
96,0.08782762458113731,purpose,education,radio/tv,0.025816943220638086,0.025816943220638086,increases_risk
107,0.2196202413148424,checking_status,0<=X<200,no checking,0.10907952521289702,0.10907952521289702,increases_risk
107,0.2196202413148424,duration,12,18.0,-0.07186906084871528,0.07186906084871528,reduces_risk
107,0.2196202413148424,installment_commitment,2,4.0,-0.036438412358443,0.036438412358443,reduces_risk
107,0.2196202413148424,purpose,new car,radio/tv,0.02833195171085895,0.02833195171085895,increases_risk
112,0.37524942447820653,checking_status,0<=X<200,no checking,0.1816359506473375,0.1816359506473375,increases_risk
112,0.37524942447820653,purpose,new car,radio/tv,0.06514269001092493,0.06514269001092493,increases_risk
112,0.37524942447820653,employment,4<=X<7,1<=X<4,-0.04964855247952399,0.04964855247952399,reduces_risk
112,0.37524942447820653,housing,rent,own,0.038044537982112214,0.038044537982112214,increases_risk
115,0.0659052357854963,savings_status,no known savings,<100,-0.05253357707167572,0.05253357707167572,reduces_risk
115,0.0659052357854963,credit_history,critical/other existing credit,existing paid,-0.01967307305279624,0.01967307305279624,reduces_risk
115,0.0659052357854963,duration,48,18.0,0.015319825961886427,0.015319825961886427,increases_risk
115,0.0659052357854963,age,47,33.0,-0.015073698884828388,0.015073698884828388,reduces_risk
122,0.1500785454376775,duration,12,18.0,-0.0837413878452026,0.0837413878452026,reduces_risk
122,0.1500785454376775,purpose,furniture/equipment,radio/tv,0.036253907774417726,0.036253907774417726,increases_risk
122,0.1500785454376775,property_magnitude,real estate,car,-0.024703786165299807,0.024703786165299807,reduces_risk
122,0.1500785454376775,housing,rent,own,0.022085408329992312,0.022085408329992312,increases_risk
128,0.1368557762028183,checking_status,0<=X<200,no checking,0.07469423815749876,0.07469423815749876,increases_risk
128,0.1368557762028183,purpose,used car,radio/tv,-0.07027208182293532,0.07027208182293532,reduces_risk
128,0.1368557762028183,duration,12,18.0,-0.048988721681763076,0.048988721681763076,reduces_risk
128,0.1368557762028183,credit_history,critical/other existing credit,existing paid,-0.048525013177512344,0.048525013177512344,reduces_risk
129,0.2288456772705789,duration,12,18.0,-0.1633699650062195,0.1633699650062195,reduces_risk
129,0.2288456772705789,checking_status,<0,no checking,0.12245229834398184,0.12245229834398184,increases_risk
129,0.2288456772705789,credit_history,critical/other existing credit,existing paid,-0.08783959118290549,0.08783959118290549,reduces_risk
129,0.2288456772705789,purpose,new car,radio/tv,0.05671884735858354,0.05671884735858354,increases_risk
133,0.35723896255559034,other_payment_plans,bank,none,0.11778549408902811,0.11778549408902811,increases_risk
133,0.35723896255559034,purpose,furniture/equipment,radio/tv,0.05181476109300659,0.05181476109300659,increases_risk
133,0.35723896255559034,credit_amount,1984,2372.0,-0.04014271249086121,0.04014271249086121,reduces_risk
133,0.35723896255559034,property_magnitude,no known property,car,0.02589526674413578,0.02589526674413578,increases_risk
134,0.23646753781337912,savings_status,100<=X<500,<100,-0.11295991485375376,0.11295991485375376,reduces_risk
134,0.23646753781337912,age,21,33.0,0.08064708881173754,0.08064708881173754,increases_risk
134,0.23646753781337912,credit_amount,10144,2372.0,0.052245261557705036,0.052245261557705036,increases_risk
134,0.23646753781337912,duration,60,18.0,0.045076316437720226,0.045076316437720226,increases_risk
138,0.1402210489995321,savings_status,no known savings,<100,-0.05014385472760499,0.05014385472760499,reduces_risk
138,0.1402210489995321,other_payment_plans,bank,none,0.04727057389521484,0.04727057389521484,increases_risk
138,0.1402210489995321,checking_status,0<=X<200,no checking,0.04462289367811824,0.04462289367811824,increases_risk
138,0.1402210489995321,duration,15,18.0,-0.017209870095483637,0.017209870095483637,reduces_risk
141,0.6068854729053009,checking_status,0<=X<200,no checking,0.18843595565179155,0.18843595565179155,increases_risk
141,0.6068854729053009,duration,36,18.0,0.11684484994545674,0.11684484994545674,increases_risk
141,0.6068854729053009,employment,<1,1<=X<4,0.0995135987122846,0.0995135987122846,increases_risk
141,0.6068854729053009,personal_status,female div/dep/mar,male single,0.05806532139309706,0.05806532139309706,increases_risk
142,0.5031739626327955,checking_status,<0,no checking,0.3355062897837511,0.3355062897837511,increases_risk
142,0.5031739626327955,duration,27,18.0,0.05018920157831247,0.05018920157831247,increases_risk
142,0.5031739626327955,job,high qualif/self emp/mgmt,skilled,-0.030006787496326348,0.030006787496326348,reduces_risk
142,0.5031739626327955,credit_amount,3416,2372.0,0.022956355011302942,0.022956355011302942,increases_risk
159,0.042261543150781435,duration,6,18.0,-0.04192012710970807,0.04192012710970807,reduces_risk
159,0.042261543150781435,installment_commitment,1,4.0,-0.016235033729949985,0.016235033729949985,reduces_risk
159,0.042261543150781435,credit_history,critical/other existing credit,existing paid,-0.012961282251733007,0.012961282251733007,reduces_risk
159,0.042261543150781435,savings_status,no known savings,<100,-0.006059609413749403,0.006059609413749403,reduces_risk
166,0.6833550001756391,checking_status,<0,no checking,0.37770991262643794,0.37770991262643794,increases_risk
166,0.6833550001756391,credit_amount,1131,2372.0,0.09940413735682063,0.09940413735682063,increases_risk
166,0.6833550001756391,employment,unemployed,1<=X<4,0.05176566992187004,0.05176566992187004,increases_risk
166,0.6833550001756391,personal_status,female div/dep/mar,male single,0.047768509106198564,0.047768509106198564,increases_risk
167,0.22511173650644323,checking_status,0<=X<200,no checking,0.08281215447198376,0.08281215447198376,increases_risk
167,0.22511173650644323,duration,11,18.0,-0.0760335015865517,0.0760335015865517,reduces_risk
167,0.22511173650644323,property_magnitude,real estate,car,-0.040361332422956975,0.040361332422956975,reduces_risk
167,0.22511173650644323,savings_status,>=1000,<100,-0.029332533189643017,0.029332533189643017,reduces_risk
171,0.15802319742558413,duration,12,18.0,-0.06540459611992608,0.06540459611992608,reduces_risk
171,0.15802319742558413,property_magnitude,real estate,car,-0.041766347266343457,0.041766347266343457,reduces_risk
171,0.15802319742558413,purpose,furniture/equipment,radio/tv,0.03359599286280941,0.03359599286280941,increases_risk
171,0.15802319742558413,credit_amount,763,2372.0,0.024245171806960092,0.024245171806960092,increases_risk
178,0.11820724271556839,duration,12,18.0,-0.05799547466640863,0.05799547466640863,reduces_risk
178,0.11820724271556839,employment,4<=X<7,1<=X<4,-0.01978953073976679,0.01978953073976679,reduces_risk
178,0.11820724271556839,own_telephone,yes,none,-0.016174622694896737,0.016174622694896737,reduces_risk
178,0.11820724271556839,credit_amount,1963,2372.0,0.010359147427891291,0.010359147427891291,increases_risk
182,0.4407632858762393,checking_status,<0,no checking,0.2213303162090274,0.2213303162090274,increases_risk
182,0.4407632858762393,savings_status,no known savings,<100,-0.1297711461856434,0.1297711461856434,reduces_risk
182,0.4407632858762393,purpose,new car,radio/tv,0.057050325612007124,0.057050325612007124,increases_risk
182,0.4407632858762393,credit_history,all paid,existing paid,0.02578652712900803,0.02578652712900803,increases_risk
187,0.39875121762860294,checking_status,0<=X<200,no checking,0.18869997918659578,0.18869997918659578,increases_risk
187,0.39875121762860294,credit_history,critical/other existing credit,existing paid,-0.1587959874832055,0.1587959874832055,reduces_risk
187,0.39875121762860294,credit_amount,1175,2372.0,0.11244099263529639,0.11244099263529639,increases_risk
187,0.39875121762860294,purpose,new car,radio/tv,0.07377150178091701,0.07377150178091701,increases_risk
190,0.11420967492807299,savings_status,>=1000,<100,-0.09795860338039364,0.09795860338039364,reduces_risk
190,0.11420967492807299,credit_amount,4591,2372.0,0.02672039430377554,0.02672039430377554,increases_risk
190,0.11420967492807299,age,54,33.0,0.017553584613668557,0.017553584613668557,increases_risk
190,0.11420967492807299,own_telephone,yes,none,-0.009465001993478259,0.009465001993478259,reduces_risk
192,0.3339913703430115,checking_status,0<=X<200,no checking,0.17449307274530892,0.17449307274530892,increases_risk
192,0.3339913703430115,credit_amount,3915,2372.0,-0.03968293832144032,0.03968293832144032,reduces_risk
192,0.3339913703430115,duration,27,18.0,0.034864617729098546,0.034864617729098546,increases_risk
192,0.3339913703430115,own_telephone,yes,none,-0.027979682763506764,0.027979682763506764,reduces_risk
194,0.3783749835210634,checking_status,0<=X<200,no checking,0.1951131670691025,0.1951131670691025,increases_risk
194,0.3783749835210634,age,21,33.0,0.10823212730258913,0.10823212730258913,increases_risk
194,0.3783749835210634,duration,45,18.0,0.10588151588646982,0.10588151588646982,increases_risk
194,0.3783749835210634,savings_status,100<=X<500,<100,-0.09525946912202882,0.09525946912202882,reduces_risk
199,0.5331603685554426,checking_status,0<=X<200,no checking,0.135689217427637,0.135689217427637,increases_risk
199,0.5331603685554426,personal_status,male div/sep,male single,0.07744446535718968,0.07744446535718968,increases_risk
199,0.5331603685554426,credit_amount,4297,2372.0,0.06707070870446391,0.06707070870446391,increases_risk
199,0.5331603685554426,property_magnitude,no known property,car,0.057633055276499146,0.057633055276499146,increases_risk
216,0.5142278765232843,checking_status,<0,no checking,0.27558821688282875,0.27558821688282875,increases_risk
216,0.5142278765232843,residence_since,1,3.0,-0.0950157576153331,0.0950157576153331,reduces_risk
216,0.5142278765232843,credit_history,no credits/all paid,existing paid,0.03184708871814107,0.03184708871814107,increases_risk
216,0.5142278765232843,employment,4<=X<7,1<=X<4,-0.019182976072238178,0.019182976072238178,reduces_risk
219,0.13030454833770455,duration,10,18.0,-0.060397597133437314,0.060397597133437314,reduces_risk
219,0.13030454833770455,purpose,new car,radio/tv,0.023243461063291962,0.023243461063291962,increases_risk
219,0.13030454833770455,credit_amount,1364,2372.0,0.019094218589024048,0.019094218589024048,increases_risk
219,0.13030454833770455,age,64,33.0,-0.016420281464650577,0.016420281464650577,reduces_risk
220,0.40966927209430276,checking_status,0<=X<200,no checking,0.15670906087781417,0.15670906087781417,increases_risk
220,0.40966927209430276,other_payment_plans,bank,none,0.12598102185653298,0.12598102185653298,increases_risk
220,0.40966927209430276,property_magnitude,real estate,car,-0.11465779296541306,0.11465779296541306,reduces_risk
220,0.40966927209430276,credit_amount,625,2372.0,0.10318205960214599,0.10318205960214599,increases_risk
221,0.7031448099965502,checking_status,<0,no checking,0.3336555697246121,0.3336555697246121,increases_risk
221,0.7031448099965502,purpose,education,radio/tv,0.12920210898089635,0.12920210898089635,increases_risk
221,0.7031448099965502,credit_amount,1200,2372.0,0.12328751565411034,0.12328751565411034,increases_risk
221,0.7031448099965502,other_payment_plans,bank,none,0.09269913278525288,0.09269913278525288,increases_risk
228,0.1129946721356309,duration,9,18.0,-0.044737716635821476,0.044737716635821476,reduces_risk
228,0.1129946721356309,age,22,33.0,0.02627006516680623,0.02627006516680623,increases_risk
228,0.1129946721356309,employment,4<=X<7,1<=X<4,-0.0031059689997071094,0.0031059689997071094,reduces_risk
228,0.1129946721356309,credit_amount,1478,2372.0,-0.0021240427539475776,0.0021240427539475776,reduces_risk
229,0.6975066184523556,checking_status,<0,no checking,0.3041688396185539,0.3041688396185539,increases_risk
229,0.6975066184523556,other_payment_plans,bank,none,0.08363367281166656,0.08363367281166656,increases_risk
229,0.6975066184523556,age,22,33.0,0.03815326622409887,0.03815326622409887,increases_risk
229,0.6975066184523556,credit_amount,3149,2372.0,-0.034197195106678846,0.034197195106678846,reduces_risk
234,0.037288650044522746,duration,4,18.0,-0.06902856057465376,0.06902856057465376,reduces_risk
234,0.037288650044522746,credit_history,critical/other existing credit,existing paid,-0.017341718061198094,0.017341718061198094,reduces_risk
234,0.037288650044522746,age,42,33.0,-0.011611515423809324,0.011611515423809324,reduces_risk
234,0.037288650044522746,installment_commitment,2,4.0,-0.006962454989043805,0.006962454989043805,reduces_risk
235,0.5555596772116548,checking_status,<0,no checking,0.26227097534347266,0.26227097534347266,increases_risk
235,0.5555596772116548,duration,24,18.0,0.04193257138886897,0.04193257138886897,increases_risk
235,0.5555596772116548,credit_amount,1823,2372.0,0.038648282916715404,0.038648282916715404,increases_risk
235,0.5555596772116548,job,high qualif/self emp/mgmt,skilled,-0.028101553755317532,0.028101553755317532,reduces_risk
236,0.38990793171423194,credit_amount,14555,2372.0,0.2360999612809139,0.2360999612809139,increases_risk
236,0.38990793171423194,savings_status,no known savings,<100,-0.13696346536063925,0.13696346536063925,reduces_risk
236,0.38990793171423194,property_magnitude,life insurance,car,-0.07136505836176049,0.07136505836176049,reduces_risk
236,0.38990793171423194,age,23,33.0,0.05437462129589321,0.05437462129589321,increases_risk
257,0.5518178230091694,checking_status,<0,no checking,0.352692763476806,0.352692763476806,increases_risk
257,0.5518178230091694,duration,12,18.0,-0.12698065157010574,0.12698065157010574,reduces_risk
257,0.5518178230091694,property_magnitude,no known property,car,0.10039229412531275,0.10039229412531275,increases_risk
257,0.5518178230091694,personal_status,male div/sep,male single,0.05945729830900254,0.05945729830900254,increases_risk
259,0.10720313426925282,credit_history,critical/other existing credit,existing paid,-0.0532335419833419,0.0532335419833419,reduces_risk
259,0.10720313426925282,duration,11,18.0,-0.028203125647907612,0.028203125647907612,reduces_risk
259,0.10720313426925282,age,57,33.0,-0.026970394093595557,0.026970394093595557,reduces_risk
259,0.10720313426925282,personal_status,female div/dep/mar,male single,0.02277119411509486,0.02277119411509486,increases_risk
261,0.5368736879281453,checking_status,<0,no checking,0.37161639018435333,0.37161639018435333,increases_risk
261,0.5368736879281453,duration,24,18.0,0.041829118713760494,0.041829118713760494,increases_risk
261,0.5368736879281453,residence_since,4,3.0,-0.0052094067464129035,0.0052094067464129035,reduces_risk
261,0.5368736879281453,age,55,33.0,-0.005116380525707176,0.005116380525707176,reduces_risk
263,0.23930124010510737,other_payment_plans,bank,none,0.12554043497723238,0.12554043497723238,increases_risk
263,0.23930124010510737,credit_history,critical/other existing credit,existing paid,-0.07720792585146621,0.07720792585146621,reduces_risk
263,0.23930124010510737,duration,12,18.0,-0.06431000569224868,0.06431000569224868,reduces_risk
263,0.23930124010510737,age,57,33.0,-0.04449267801335546,0.04449267801335546,reduces_risk
273,0.39258814948999216,checking_status,0<=X<200,no checking,0.20287145280530625,0.20287145280530625,increases_risk
273,0.39258814948999216,duration,48,18.0,0.14160229816135728,0.14160229816135728,increases_risk
273,0.39258814948999216,employment,4<=X<7,1<=X<4,-0.03214128403661104,0.03214128403661104,reduces_risk
273,0.39258814948999216,age,28,33.0,0.024415537262651,0.024415537262651,increases_risk
276,0.13497049565124297,credit_history,critical/other existing credit,existing paid,-0.046568296520508784,0.046568296520508784,reduces_risk
276,0.13497049565124297,personal_status,female div/dep/mar,male single,0.01688457160785012,0.01688457160785012,increases_risk
276,0.13497049565124297,credit_amount,2404,2372.0,0.008023823473506747,0.008023823473506747,increases_risk
276,0.13497049565124297,residence_since,2,3.0,0.004908703961351013,0.004908703961351013,increases_risk
277,0.3487989323540683,checking_status,<0,no checking,0.21299819557895888,0.21299819557895888,increases_risk
277,0.3487989323540683,credit_amount,1262,2372.0,0.08777884239707401,0.08777884239707401,increases_risk
277,0.3487989323540683,installment_commitment,2,4.0,-0.08590325073790439,0.08590325073790439,reduces_risk
277,0.3487989323540683,personal_status,male div/sep,male single,0.04975016463586995,0.04975016463586995,increases_risk
282,0.2776787369969002,savings_status,no known savings,<100,-0.12961871515006262,0.12961871515006262,reduces_risk
282,0.2776787369969002,checking_status,>=200,no checking,0.12805407986713582,0.12805407986713582,increases_risk
282,0.2776787369969002,other_payment_plans,bank,none,0.051904128646990205,0.051904128646990205,increases_risk
282,0.2776787369969002,job,unskilled resident,skilled,0.039858380003824606,0.039858380003824606,increases_risk
283,0.06183818600222954,credit_history,critical/other existing credit,existing paid,-0.04564249196066719,0.04564249196066719,reduces_risk
283,0.06183818600222954,duration,15,18.0,-0.019798142917568193,0.019798142917568193,reduces_risk
283,0.06183818600222954,savings_status,no known savings,<100,-0.012783764408393877,0.012783764408393877,reduces_risk
283,0.06183818600222954,age,63,33.0,-0.011997258616393836,0.011997258616393836,reduces_risk
289,0.5691243918048693,checking_status,<0,no checking,0.268350450967095,0.268350450967095,increases_risk
289,0.5691243918048693,property_magnitude,real estate,car,-0.06607427194781679,0.06607427194781679,reduces_risk
289,0.5691243918048693,credit_amount,1024,2372.0,0.05903731000648982,0.05903731000648982,increases_risk
289,0.5691243918048693,age,48,33.0,-0.03879718885561223,0.03879718885561223,reduces_risk
293,0.28265082316474094,checking_status,>=200,no checking,0.16241170408126143,0.16241170408126143,increases_risk
293,0.28265082316474094,purpose,used car,radio/tv,-0.11149300449347782,0.11149300449347782,reduces_risk
293,0.28265082316474094,duration,42,18.0,0.06921985488111695,0.06921985488111695,increases_risk
293,0.28265082316474094,employment,>=7,1<=X<4,-0.03774843855225518,0.03774843855225518,reduces_risk
296,0.22427260496432042,credit_amount,4675,2372.0,0.09802526190195995,0.09802526190195995,increases_risk
296,0.22427260496432042,employment,<1,1<=X<4,0.09171558939282526,0.09171558939282526,increases_risk
296,0.22427260496432042,personal_status,female div/dep/mar,male single,0.08265228623672427,0.08265228623672427,increases_risk
296,0.22427260496432042,purpose,used car,radio/tv,-0.0455384171531272,0.0455384171531272,reduces_risk
297,0.15013242129675863,credit_amount,1287,2372.0,0.03818261771292453,0.03818261771292453,increases_risk
297,0.15013242129675863,foreign_worker,no,yes,-0.03129708936945377,0.03129708936945377,reduces_risk
297,0.15013242129675863,purpose,new car,radio/tv,0.024386802574234784,0.024386802574234784,increases_risk
297,0.15013242129675863,other_parties,co applicant,none,0.023146253718760695,0.023146253718760695,increases_risk
304,0.38404340283482613,other_payment_plans,bank,none,0.22162829636307085,0.22162829636307085,increases_risk
304,0.38404340283482613,savings_status,500<=X<1000,<100,-0.15925988214838466,0.15925988214838466,reduces_risk
304,0.38404340283482613,credit_amount,10127,2372.0,0.121115509843147,0.121115509843147,increases_risk
304,0.38404340283482613,installment_commitment,2,4.0,-0.0599086339889473,0.0599086339889473,reduces_risk
308,0.17729681086231075,duration,8,18.0,-0.24845518568974306,0.24845518568974306,reduces_risk
308,0.17729681086231075,checking_status,0<=X<200,no checking,0.08242118681262456,0.08242118681262456,increases_risk
308,0.17729681086231075,property_magnitude,real estate,car,-0.07192611615106048,0.07192611615106048,reduces_risk
308,0.17729681086231075,purpose,furniture/equipment,radio/tv,0.037829728166485665,0.037829728166485665,increases_risk
317,0.30900603542466415,savings_status,no known savings,<100,-0.1618155446508568,0.1618155446508568,reduces_risk
317,0.30900603542466415,checking_status,0<=X<200,no checking,0.13544281914277673,0.13544281914277673,increases_risk
317,0.30900603542466415,personal_status,female div/dep/mar,male single,0.0739304024064174,0.0739304024064174,increases_risk
317,0.30900603542466415,credit_amount,4351,2372.0,0.07267752039401518,0.07267752039401518,increases_risk
329,0.18546195635685314,duration,6,18.0,-0.2739192411782197,0.2739192411782197,reduces_risk
329,0.18546195635685314,checking_status,0<=X<200,no checking,0.08976614616326888,0.08976614616326888,increases_risk
329,0.18546195635685314,credit_amount,1068,2372.0,0.05407863225722298,0.05407863225722298,increases_risk
329,0.18546195635685314,num_dependents,2,1.0,0.02585163765810425,0.02585163765810425,increases_risk
330,0.2682198823308117,credit_history,critical/other existing credit,existing paid,-0.17406946539660917,0.17406946539660917,reduces_risk
330,0.2682198823308117,checking_status,<0,no checking,0.10501959696901267,0.10501959696901267,increases_risk
330,0.2682198823308117,purpose,used car,radio/tv,-0.08415290671359643,0.08415290671359643,reduces_risk
330,0.2682198823308117,age,75,33.0,0.06349351259346839,0.06349351259346839,increases_risk
336,0.24977990171412637,checking_status,0<=X<200,no checking,0.112369398026828,0.112369398026828,increases_risk
336,0.24977990171412637,duration,13,18.0,-0.0736856480725446,0.0736856480725446,reduces_risk
336,0.24977990171412637,other_parties,guarantor,none,-0.072126256037057,0.072126256037057,reduces_risk
336,0.24977990171412637,employment,<1,1<=X<4,0.06318873745129211,0.06318873745129211,increases_risk
337,0.5262642393219892,checking_status,<0,no checking,0.3500672259177692,0.3500672259177692,increases_risk
337,0.5262642393219892,credit_amount,1275,2372.0,0.11834402667874366,0.11834402667874366,increases_risk
337,0.5262642393219892,duration,15,18.0,-0.06724059655548575,0.06724059655548575,reduces_risk
337,0.5262642393219892,housing,rent,own,0.052081376967364534,0.052081376967364534,increases_risk
338,0.6229426439531102,checking_status,<0,no checking,0.37890138438179244,0.37890138438179244,increases_risk
338,0.6229426439531102,credit_amount,4169,2372.0,0.09760149578144572,0.09760149578144572,increases_risk
338,0.6229426439531102,duration,24,18.0,0.03798617226696477,0.03798617226696477,increases_risk
338,0.6229426439531102,purpose,furniture/equipment,radio/tv,0.011301253046273274,0.011301253046273274,increases_risk
346,0.2794743010002006,checking_status,0<=X<200,no checking,0.16347759415219293,0.16347759415219293,increases_risk
346,0.2794743010002006,duration,13,18.0,-0.0959620655916672,0.0959620655916672,reduces_risk
346,0.2794743010002006,employment,<1,1<=X<4,0.07040796490189719,0.07040796490189719,increases_risk
346,0.2794743010002006,credit_amount,882,2372.0,0.06684571187444907,0.06684571187444907,increases_risk
347,0.28576510211360917,checking_status,0<=X<200,no checking,0.12877400993892998,0.12877400993892998,increases_risk
347,0.28576510211360917,credit_amount,3758,2372.0,-0.09784900670868785,0.09784900670868785,reduces_risk
347,0.28576510211360917,savings_status,500<=X<1000,<100,-0.08184900782439347,0.08184900782439347,reduces_risk
347,0.28576510211360917,personal_status,female div/dep/mar,male single,0.05272404302565423,0.05272404302565423,increases_risk
353,0.5755778546198113,checking_status,<0,no checking,0.3032033454114761,0.3032033454114761,increases_risk
353,0.5755778546198113,credit_history,no credits/all paid,existing paid,0.1872753664455175,0.1872753664455175,increases_risk
353,0.5755778546198113,duration,12,18.0,-0.10976144904615304,0.10976144904615304,reduces_risk
353,0.5755778546198113,housing,rent,own,0.06878459422562622,0.06878459422562622,increases_risk
355,0.6433792699065817,checking_status,0<=X<200,no checking,0.31050813041386255,0.31050813041386255,increases_risk
355,0.6433792699065817,purpose,new car,radio/tv,0.1387658897728371,0.1387658897728371,increases_risk
355,0.6433792699065817,credit_amount,1246,2372.0,0.0960365421651812,0.0960365421651812,increases_risk
355,0.6433792699065817,other_payment_plans,stores,none,0.06796915229700806,0.06796915229700806,increases_risk
372,0.1466494868956206,duration,10,18.0,-0.07885592270465724,0.07885592270465724,reduces_risk
372,0.1466494868956206,employment,<1,1<=X<4,0.03036868466017681,0.03036868466017681,increases_risk
372,0.1466494868956206,personal_status,female div/dep/mar,male single,0.024564951389660777,0.024564951389660777,increases_risk
372,0.1466494868956206,credit_history,critical/other existing credit,existing paid,-0.02214042606117808,0.02214042606117808,reduces_risk
373,0.5858278853117646,credit_amount,13756,2372.0,0.3392183692187277,0.3392183692187277,increases_risk
373,0.5858278853117646,other_payment_plans,bank,none,0.21937032124983052,0.21937032124983052,increases_risk
373,0.5858278853117646,savings_status,no known savings,<100,-0.18785982982773664,0.18785982982773664,reduces_risk
373,0.5858278853117646,installment_commitment,2,4.0,-0.05336734774685681,0.05336734774685681,reduces_risk
375,0.5381185740678837,checking_status,<0,no checking,0.3328837280332395,0.3328837280332395,increases_risk
375,0.5381185740678837,duration,48,18.0,0.13447360722928542,0.13447360722928542,increases_risk
375,0.5381185740678837,installment_commitment,2,4.0,-0.08561265954092012,0.08561265954092012,reduces_risk
375,0.5381185740678837,other_parties,guarantor,none,-0.04118135522477384,0.04118135522477384,reduces_risk
379,0.06503491641811762,age,52,33.0,-0.043576297341988895,0.043576297341988895,reduces_risk
379,0.06503491641811762,credit_history,critical/other existing credit,existing paid,-0.036151374480018844,0.036151374480018844,reduces_risk
379,0.06503491641811762,duration,6,18.0,-0.028119341679719814,0.028119341679719814,reduces_risk
379,0.06503491641811762,personal_status,female div/dep/mar,male single,0.01692576519115519,0.01692576519115519,increases_risk
383,0.35201920877521803,checking_status,>=200,no checking,0.18359162493611644,0.18359162493611644,increases_risk
383,0.35201920877521803,duration,12,18.0,-0.12776946627019348,0.12776946627019348,reduces_risk
383,0.35201920877521803,purpose,new car,radio/tv,0.07731300113922646,0.07731300113922646,increases_risk
383,0.35201920877521803,employment,<1,1<=X<4,0.06925160234930972,0.06925160234930972,increases_risk
395,0.49140578897874193,checking_status,0<=X<200,no checking,0.15154810704278343,0.15154810704278343,increases_risk
395,0.49140578897874193,savings_status,100<=X<500,<100,-0.1491810881886398,0.1491810881886398,reduces_risk
395,0.49140578897874193,installment_commitment,2,4.0,-0.08266344768412687,0.08266344768412687,reduces_risk
395,0.49140578897874193,credit_amount,11760,2372.0,0.07315101290865855,0.07315101290865855,increases_risk
404,0.25719371865799645,savings_status,no known savings,<100,-0.12650749925013066,0.12650749925013066,reduces_risk
404,0.25719371865799645,purpose,new car,radio/tv,0.052568792815674975,0.052568792815674975,increases_risk
404,0.25719371865799645,num_dependents,2,1.0,0.044525294664113785,0.044525294664113785,increases_risk
404,0.25719371865799645,checking_status,0<=X<200,no checking,0.019534694474031805,0.019534694474031805,increases_risk
412,0.1034695143683128,credit_history,critical/other existing credit,existing paid,-0.07910510312509815,0.07910510312509815,reduces_risk
412,0.1034695143683128,duration,12,18.0,-0.03349591278097157,0.03349591278097157,reduces_risk
412,0.1034695143683128,other_payment_plans,stores,none,0.018013696028135393,0.018013696028135393,increases_risk
412,0.1034695143683128,age,42,33.0,-0.014587826313519403,0.014587826313519403,reduces_risk
423,0.20417860527528134,credit_history,delayed previously,existing paid,0.090334593116578,0.090334593116578,increases_risk
423,0.20417860527528134,savings_status,100<=X<500,<100,-0.07876448986042203,0.07876448986042203,reduces_risk
423,0.20417860527528134,employment,4<=X<7,1<=X<4,-0.0421688157164882,0.0421688157164882,reduces_risk
423,0.20417860527528134,purpose,furniture/equipment,radio/tv,0.032449180398303384,0.032449180398303384,increases_risk
430,0.13576948657446838,duration,5,18.0,-0.09681553919292776,0.09681553919292776,reduces_risk
430,0.13576948657446838,age,74,33.0,0.07604138954754511,0.07604138954754511,increases_risk
430,0.13576948657446838,employment,4<=X<7,1<=X<4,-0.027267763207708462,0.027267763207708462,reduces_risk
430,0.13576948657446838,credit_amount,3448,2372.0,0.023097930466000366,0.023097930466000366,increases_risk
431,0.7612096880108364,credit_amount,11328,2372.0,0.3067730262640496,0.3067730262640496,increases_risk
431,0.7612096880108364,other_parties,co applicant,none,0.05722030237720155,0.05722030237720155,increases_risk
431,0.7612096880108364,checking_status,0<=X<200,no checking,0.0343076059752383,0.0343076059752383,increases_risk
431,0.7612096880108364,duration,24,18.0,0.0205210801289184,0.0205210801289184,increases_risk
433,0.21804309176255512,purpose,repairs,radio/tv,0.05027358225223824,0.05027358225223824,increases_risk
433,0.21804309176255512,personal_status,male div/sep,male single,0.04990895267343601,0.04990895267343601,increases_risk
433,0.21804309176255512,credit_history,critical/other existing credit,existing paid,-0.029163718850065967,0.029163718850065967,reduces_risk
433,0.21804309176255512,credit_amount,2058,2372.0,0.026719033425813082,0.026719033425813082,increases_risk
435,0.16750025187026596,checking_status,0<=X<200,no checking,0.08212508814299911,0.08212508814299911,increases_risk
435,0.16750025187026596,property_magnitude,real estate,car,-0.03743234574486276,0.03743234574486276,reduces_risk
435,0.16750025187026596,duration,12,18.0,-0.027625354525243617,0.027625354525243617,reduces_risk
435,0.16750025187026596,savings_status,no known savings,<100,-0.026033032657787253,0.026033032657787253,reduces_risk
455,0.15187860419655141,purpose,used car,radio/tv,-0.08779948888102004,0.08779948888102004,reduces_risk
455,0.15187860419655141,employment,<1,1<=X<4,0.037872140251412764,0.037872140251412764,increases_risk
455,0.15187860419655141,personal_status,female div/dep/mar,male single,0.024922092445659072,0.024922092445659072,increases_risk
455,0.15187860419655141,property_magnitude,no known property,car,0.013525256296488292,0.013525256296488292,increases_risk
463,0.32251260108481145,checking_status,0<=X<200,no checking,0.18167882475974867,0.18167882475974867,increases_risk
463,0.32251260108481145,credit_amount,754,2372.0,0.13130320803527856,0.13130320803527856,increases_risk
463,0.32251260108481145,savings_status,no known savings,<100,-0.053024019788649124,0.053024019788649124,reduces_risk
463,0.32251260108481145,age,38,33.0,-0.02986051459137873,0.02986051459137873,reduces_risk
465,0.4573312002638219,checking_status,<0,no checking,0.2135538563087255,0.2135538563087255,increases_risk
465,0.4573312002638219,other_payment_plans,bank,none,0.136767965377401,0.136767965377401,increases_risk
465,0.4573312002638219,age,63,33.0,0.12706609973227145,0.12706609973227145,increases_risk
465,0.4573312002638219,purpose,used car,radio/tv,-0.12186134452420305,0.12186134452420305,reduces_risk
473,0.0895288409536797,duration,6,18.0,-0.06394195344054752,0.06394195344054752,reduces_risk
473,0.0895288409536797,employment,unemployed,1<=X<4,0.020488983088642526,0.020488983088642526,increases_risk
473,0.0895288409536797,own_telephone,yes,none,-0.012114660040326214,0.012114660040326214,reduces_risk
473,0.0895288409536797,savings_status,no known savings,<100,-0.011588820095749186,0.011588820095749186,reduces_risk
477,0.431388047673998,other_payment_plans,bank,none,0.1217166710949188,0.1217166710949188,increases_risk
477,0.431388047673998,age,25,33.0,0.09108577059261691,0.09108577059261691,increases_risk
477,0.431388047673998,checking_status,>=200,no checking,0.057648256854625934,0.057648256854625934,increases_risk
477,0.431388047673998,duration,24,18.0,0.03538831849528795,0.03538831849528795,increases_risk
485,0.19157461273722276,duration,6,18.0,-0.3116352212813125,0.3116352212813125,reduces_risk
485,0.19157461273722276,credit_amount,1209,2372.0,0.0499052714979209,0.0499052714979209,increases_risk
485,0.19157461273722276,purpose,new car,radio/tv,0.034218812853175934,0.034218812853175934,increases_risk
485,0.19157461273722276,age,47,33.0,-0.01922197296428088,0.01922197296428088,reduces_risk
506,0.1330652257841635,checking_status,>=200,no checking,0.07898875131658561,0.07898875131658561,increases_risk
506,0.1330652257841635,purpose,used car,radio/tv,-0.011663813873450807,0.011663813873450807,reduces_risk
506,0.1330652257841635,installment_commitment,2,4.0,-0.011493909654430035,0.011493909654430035,reduces_risk
506,0.1330652257841635,savings_status,500<=X<1000,<100,0.009370520755303632,0.009370520755303632,increases_risk
510,0.4833663337469644,checking_status,<0,no checking,0.3513310972384116,0.3513310972384116,increases_risk
510,0.4833663337469644,duration,12,18.0,-0.14091507122451824,0.14091507122451824,reduces_risk
510,0.4833663337469644,credit_amount,759,2372.0,0.13090642145871567,0.13090642145871567,increases_risk
510,0.4833663337469644,property_magnitude,real estate,car,-0.11869479164004376,0.11869479164004376,reduces_risk
514,0.14846164029749864,savings_status,no known savings,<100,-0.06912564957841558,0.06912564957841558,reduces_risk
514,0.14846164029749864,employment,<1,1<=X<4,0.025658510364638953,0.025658510364638953,increases_risk
514,0.14846164029749864,purpose,new car,radio/tv,0.01962386407983438,0.01962386407983438,increases_risk
514,0.14846164029749864,credit_amount,2255,2372.0,-0.0068253295498851285,0.0068253295498851285,reduces_risk
522,0.8485610389771457,checking_status,<0,no checking,0.3022962765886792,0.3022962765886792,increases_risk
522,0.8485610389771457,credit_history,no credits/all paid,existing paid,0.1160234451171871,0.1160234451171871,increases_risk
522,0.8485610389771457,age,53,33.0,0.0821629343325494,0.0821629343325494,increases_risk
522,0.8485610389771457,duration,48,18.0,0.059705638405045613,0.059705638405045613,increases_risk
523,0.06805611056690834,purpose,used car,radio/tv,-0.030184631676812748,0.030184631676812748,reduces_risk
523,0.06805611056690834,employment,4<=X<7,1<=X<4,-0.01589101241524167,0.01589101241524167,reduces_risk
523,0.06805611056690834,personal_status,female div/dep/mar,male single,0.013764843756609836,0.013764843756609836,increases_risk
523,0.06805611056690834,credit_amount,3488,2372.0,-0.009784316382539307,0.009784316382539307,reduces_risk
524,0.34424985307280975,checking_status,0<=X<200,no checking,0.18149469191815976,0.18149469191815976,increases_risk
524,0.34424985307280975,other_parties,guarantor,none,-0.09591084650941345,0.09591084650941345,reduces_risk
524,0.34424985307280975,property_magnitude,real estate,car,-0.06610572027887701,0.06610572027887701,reduces_risk
524,0.34424985307280975,credit_amount,1113,2372.0,0.05830601066026564,0.05830601066026564,increases_risk
528,0.6811880675220112,checking_status,<0,no checking,0.42441661090024146,0.42441661090024146,increases_risk
528,0.6811880675220112,duration,36,18.0,0.09757660942932034,0.09757660942932034,increases_risk
528,0.6811880675220112,personal_status,male div/sep,male single,0.08524079003767071,0.08524079003767071,increases_risk
528,0.6811880675220112,housing,rent,own,0.07469266029656885,0.07469266029656885,increases_risk
532,0.1554090234839348,credit_history,delayed previously,existing paid,0.0726113249975174,0.0726113249975174,increases_risk
532,0.1554090234839348,duration,12,18.0,-0.049856283076370495,0.049856283076370495,reduces_risk
532,0.1554090234839348,housing,rent,own,0.03011742115685273,0.03011742115685273,increases_risk
532,0.1554090234839348,purpose,used car,radio/tv,-0.023896862684185116,0.023896862684185116,reduces_risk
534,0.15320916725968467,savings_status,no known savings,<100,-0.06031598850310263,0.06031598850310263,reduces_risk
534,0.15320916725968467,employment,<1,1<=X<4,0.045958398318960106,0.045958398318960106,increases_risk
534,0.15320916725968467,age,25,33.0,0.011140911742617277,0.011140911742617277,increases_risk
534,0.15320916725968467,existing_credits,2,1.0,0.008327569762158149,0.008327569762158149,increases_risk
537,0.22627004774400175,checking_status,0<=X<200,no checking,0.13365332774899139,0.13365332774899139,increases_risk
537,0.22627004774400175,credit_history,critical/other existing credit,existing paid,-0.06765377297013328,0.06765377297013328,reduces_risk
537,0.22627004774400175,credit_amount,3612,2372.0,-0.04749980336001278,0.04749980336001278,reduces_risk
537,0.22627004774400175,age,37,33.0,-0.02743202064858566,0.02743202064858566,reduces_risk
541,0.36711908765905554,credit_history,delayed previously,existing paid,0.12885954427160348,0.12885954427160348,increases_risk
541,0.36711908765905554,purpose,new car,radio/tv,0.034200462844377943,0.034200462844377943,increases_risk
541,0.36711908765905554,property_magnitude,no known property,car,0.026928980682701942,0.026928980682701942,increases_risk
541,0.36711908765905554,credit_amount,2032,2372.0,0.020618274072133902,0.020618274072133902,increases_risk
542,0.3750615239873851,checking_status,<0,no checking,0.23867944274303368,0.23867944274303368,increases_risk
542,0.3750615239873851,savings_status,no known savings,<100,-0.17897472441160112,0.17897472441160112,reduces_risk
542,0.3750615239873851,duration,30,18.0,0.036773008548678765,0.036773008548678765,increases_risk
542,0.3750615239873851,purpose,furniture/equipment,radio/tv,0.00998133528934092,0.00998133528934092,increases_risk
544,0.09786968553075522,duration,12,18.0,-0.05355591325601734,0.05355591325601734,reduces_risk
544,0.09786968553075522,credit_history,critical/other existing credit,existing paid,-0.044548111496632695,0.044548111496632695,reduces_risk
544,0.09786968553075522,age,61,33.0,-0.02157307895918259,0.02157307895918259,reduces_risk
544,0.09786968553075522,purpose,new car,radio/tv,0.019540703888031974,0.019540703888031974,increases_risk
548,0.4701922748125891,checking_status,<0,no checking,0.1836343928489816,0.1836343928489816,increases_risk
548,0.4701922748125891,duration,12,18.0,-0.12560870810114444,0.12560870810114444,reduces_risk
548,0.4701922748125891,other_payment_plans,bank,none,0.11678367705697862,0.11678367705697862,increases_risk
548,0.4701922748125891,property_magnitude,real estate,car,-0.10916340949288628,0.10916340949288628,reduces_risk
551,0.17825739157485,credit_history,all paid,existing paid,0.0726373120555973,0.0726373120555973,increases_risk
551,0.17825739157485,duration,6,18.0,-0.058622646228667946,0.058622646228667946,reduces_risk
551,0.17825739157485,other_payment_plans,bank,none,0.05066996085017808,0.05066996085017808,increases_risk
551,0.17825739157485,credit_amount,1750,2372.0,-0.04660752119406139,0.04660752119406139,reduces_risk
562,0.27992862206799185,duration,6,18.0,-0.25140179690844433,0.25140179690844433,reduces_risk
562,0.27992862206799185,credit_amount,683,2372.0,0.09908125841145785,0.09908125841145785,increases_risk
562,0.27992862206799185,employment,<1,1<=X<4,0.07984042518347464,0.07984042518347464,increases_risk
562,0.27992862206799185,other_payment_plans,bank,none,0.06158585559306248,0.06158585559306248,increases_risk
563,0.38825745214640034,savings_status,no known savings,<100,-0.25382994012501653,0.25382994012501653,reduces_risk
563,0.38825745214640034,credit_amount,12389,2372.0,0.13770485365209073,0.13770485365209073,increases_risk
563,0.38825745214640034,installment_commitment,1,4.0,-0.08116038360876071,0.08116038360876071,reduces_risk
563,0.38825745214640034,checking_status,0<=X<200,no checking,0.04853144785540031,0.04853144785540031,increases_risk
570,0.5627482804121352,checking_status,<0,no checking,0.30788574590047385,0.30788574590047385,increases_risk
570,0.5627482804121352,housing,rent,own,0.04274390118939031,0.04274390118939031,increases_risk
570,0.5627482804121352,duration,24,18.0,0.035632804476809166,0.035632804476809166,increases_risk
570,0.5627482804121352,property_magnitude,real estate,car,-0.031560239862162054,0.031560239862162054,reduces_risk
571,0.13395770938338936,credit_history,critical/other existing credit,existing paid,-0.0897452137414616,0.0897452137414616,reduces_risk
571,0.13395770938338936,other_parties,co applicant,none,0.03572105184464168,0.03572105184464168,increases_risk
571,0.13395770938338936,employment,4<=X<7,1<=X<4,-0.020586759530668908,0.020586759530668908,reduces_risk
571,0.13395770938338936,age,38,33.0,-0.017258090295761364,0.017258090295761364,reduces_risk
579,0.2991153061973502,employment,<1,1<=X<4,0.06259336490898001,0.06259336490898001,increases_risk
579,0.2991153061973502,credit_amount,937,2372.0,0.05117277883825874,0.05117277883825874,increases_risk
579,0.2991153061973502,job,unskilled resident,skilled,0.020140616338756523,0.020140616338756523,increases_risk
579,0.2991153061973502,purpose,retraining,radio/tv,0.01471687954048606,0.01471687954048606,increases_risk
587,0.31225900447779464,checking_status,<0,no checking,0.19684424400239353,0.19684424400239353,increases_risk
587,0.31225900447779464,duration,12,18.0,-0.12990263824516196,0.12990263824516196,reduces_risk
587,0.31225900447779464,other_parties,guarantor,none,-0.09604088926593168,0.09604088926593168,reduces_risk
587,0.31225900447779464,credit_amount,1289,2372.0,0.05621913538993234,0.05621913538993234,increases_risk
594,0.4398794811558739,checking_status,<0,no checking,0.28256101062565775,0.28256101062565775,increases_risk
594,0.4398794811558739,savings_status,no known savings,<100,-0.17651987363652716,0.17651987363652716,reduces_risk
594,0.4398794811558739,credit_amount,1358,2372.0,0.11122162008966552,0.11122162008966552,increases_risk
594,0.4398794811558739,credit_history,all paid,existing paid,0.039476587011285424,0.039476587011285424,increases_risk
598,0.23106545974641843,other_payment_plans,bank,none,0.11146265642009971,0.11146265642009971,increases_risk
598,0.23106545974641843,employment,4<=X<7,1<=X<4,-0.05780921284535043,0.05780921284535043,reduces_risk
598,0.23106545974641843,purpose,new car,radio/tv,0.05268794475548644,0.05268794475548644,increases_risk
598,0.23106545974641843,installment_commitment,2,4.0,-0.025439213796405208,0.025439213796405208,reduces_risk
608,0.20868067953123612,employment,<1,1<=X<4,0.04762253093362184,0.04762253093362184,increases_risk
608,0.20868067953123612,credit_amount,2051,2372.0,0.022401723196116635,0.022401723196116635,increases_risk
608,0.20868067953123612,property_magnitude,real estate,car,-0.011444965708520771,0.011444965708520771,reduces_risk
608,0.20868067953123612,residence_since,1,3.0,0.0039918034360259536,0.0039918034360259536,increases_risk
620,0.1788858713666722,checking_status,0<=X<200,no checking,0.08790226158496324,0.08790226158496324,increases_risk
620,0.1788858713666722,credit_amount,3652,2372.0,-0.06137693628672805,0.06137693628672805,reduces_risk
620,0.1788858713666722,credit_history,critical/other existing credit,existing paid,-0.03560382004374199,0.03560382004374199,reduces_risk
620,0.1788858713666722,employment,4<=X<7,1<=X<4,-0.022520095175840443,0.022520095175840443,reduces_risk
647,0.13132414309771986,personal_status,female div/dep/mar,male single,0.02417394774086061,0.02417394774086061,increases_risk
647,0.13132414309771986,purpose,new car,radio/tv,0.02399578657208011,0.02399578657208011,increases_risk
647,0.13132414309771986,duration,12,18.0,-0.02034724954592604,0.02034724954592604,reduces_risk
647,0.13132414309771986,installment_commitment,2,4.0,-0.009755340870716556,0.009755340870716556,reduces_risk
653,0.31062992159013364,savings_status,100<=X<500,<100,-0.16365885283180737,0.16365885283180737,reduces_risk
653,0.31062992159013364,checking_status,0<=X<200,no checking,0.13748938758257592,0.13748938758257592,increases_risk
653,0.31062992159013364,credit_amount,8086,2372.0,0.07197545808501063,0.07197545808501063,increases_risk
653,0.31062992159013364,installment_commitment,2,4.0,-0.05276685727858904,0.05276685727858904,reduces_risk
657,0.1867968705856324,savings_status,no known savings,<100,-0.19592638665550346,0.19592638665550346,reduces_risk
657,0.1867968705856324,credit_amount,10222,2372.0,0.0690829530538457,0.0690829530538457,increases_risk
657,0.1867968705856324,other_payment_plans,stores,none,0.047382995585171006,0.047382995585171006,increases_risk
657,0.1867968705856324,employment,4<=X<7,1<=X<4,-0.03777415259289796,0.03777415259289796,reduces_risk
658,0.5484864304747409,checking_status,0<=X<200,no checking,0.20169897375773588,0.20169897375773588,increases_risk
658,0.5484864304747409,credit_amount,4221,2372.0,0.10592653392563556,0.10592653392563556,increases_risk
658,0.5484864304747409,residence_since,1,3.0,-0.09746692060919004,0.09746692060919004,reduces_risk
658,0.5484864304747409,installment_commitment,2,4.0,-0.05027979300475138,0.05027979300475138,reduces_risk
662,0.15850310111660218,purpose,furniture/equipment,radio/tv,0.025018867583793125,0.025018867583793125,increases_risk
662,0.15850310111660218,employment,>=7,1<=X<4,-0.014992869345839488,0.014992869345839488,reduces_risk
662,0.15850310111660218,property_magnitude,real estate,car,-0.010775704595142821,0.010775704595142821,reduces_risk
662,0.15850310111660218,credit_amount,2241,2372.0,-0.008151262643050855,0.008151262643050855,reduces_risk
663,0.26601977335219334,duration,6,18.0,-0.23160922933212863,0.23160922933212863,reduces_risk
663,0.26601977335219334,credit_amount,1050,2372.0,0.06357140418908899,0.06357140418908899,increases_risk
663,0.26601977335219334,purpose,furniture/equipment,radio/tv,0.04841729018093005,0.04841729018093005,increases_risk
663,0.26601977335219334,other_payment_plans,stores,none,0.03922770699647998,0.03922770699647998,increases_risk
664,0.2452662053180974,duration,6,18.0,-0.17077909934744673,0.17077909934744673,reduces_risk
664,0.2452662053180974,checking_status,>=200,no checking,0.12558862332509735,0.12558862332509735,increases_risk
664,0.2452662053180974,purpose,education,radio/tv,0.12545376869156127,0.12545376869156127,increases_risk
664,0.2452662053180974,age,50,33.0,-0.1084993929198928,0.1084993929198928,reduces_risk
665,0.3872030463448288,other_payment_plans,bank,none,0.1819923747019732,0.1819923747019732,increases_risk
665,0.3872030463448288,credit_history,critical/other existing credit,existing paid,-0.1409630576245211,0.1409630576245211,reduces_risk
665,0.3872030463448288,other_parties,co applicant,none,0.05844786573407945,0.05844786573407945,increases_risk
665,0.3872030463448288,credit_amount,6314,2372.0,0.04021746902994838,0.04021746902994838,increases_risk
668,0.25926275477238003,credit_history,critical/other existing credit,existing paid,-0.19166083254104893,0.19166083254104893,reduces_risk
668,0.25926275477238003,checking_status,<0,no checking,0.1519578875185545,0.1519578875185545,increases_risk
668,0.25926275477238003,duration,12,18.0,-0.13541833953540466,0.13541833953540466,reduces_risk
668,0.25926275477238003,age,43,33.0,-0.05375378932076025,0.05375378932076025,reduces_risk
671,0.09199658352871892,savings_status,100<=X<500,<100,-0.044439776464868436,0.044439776464868436,reduces_risk
671,0.09199658352871892,employment,4<=X<7,1<=X<4,-0.024009786346233866,0.024009786346233866,reduces_risk
671,0.09199658352871892,installment_commitment,2,4.0,-0.013402858021381095,0.013402858021381095,reduces_risk
671,0.09199658352871892,duration,36,18.0,0.0054489179638550905,0.0054489179638550905,increases_risk
677,0.38103699233296046,checking_status,0<=X<200,no checking,0.1546172246802012,0.1546172246802012,increases_risk
677,0.38103699233296046,duration,72,18.0,0.1159030097930035,0.1159030097930035,increases_risk
677,0.38103699233296046,savings_status,100<=X<500,<100,-0.09745091367977338,0.09745091367977338,reduces_risk
677,0.38103699233296046,age,24,33.0,0.0804201163408843,0.0804201163408843,increases_risk
678,0.658722112960363,checking_status,<0,no checking,0.2523530138489819,0.2523530138489819,increases_risk
678,0.658722112960363,other_payment_plans,bank,none,0.08993596636084267,0.08993596636084267,increases_risk
678,0.658722112960363,age,64,33.0,0.07262698483905394,0.07262698483905394,increases_risk
678,0.658722112960363,housing,rent,own,0.06942682083684182,0.06942682083684182,increases_risk
681,0.10989260128573282,property_magnitude,no known property,car,0.020024618317252024,0.020024618317252024,increases_risk
681,0.10989260128573282,savings_status,no known savings,<100,-0.0068501862086037535,0.0068501862086037535,reduces_risk
681,0.10989260128573282,housing,for free,own,0.003753513442139006,0.003753513442139006,increases_risk
681,0.10989260128573282,own_telephone,yes,none,-0.0022860918269228814,0.0022860918269228814,reduces_risk
682,0.24310563266509977,duration,15,18.0,-0.10331588234153449,0.10331588234153449,reduces_risk
682,0.24310563266509977,credit_history,delayed previously,existing paid,0.08842465086794343,0.08842465086794343,increases_risk
682,0.24310563266509977,other_payment_plans,bank,none,0.0784478641184968,0.0784478641184968,increases_risk
682,0.24310563266509977,credit_amount,1478,2372.0,-0.06339185274393094,0.06339185274393094,reduces_risk
683,0.227095535208329,credit_history,critical/other existing credit,existing paid,-0.09524803972699067,0.09524803972699067,reduces_risk
683,0.227095535208329,employment,<1,1<=X<4,0.0940965104641927,0.0940965104641927,increases_risk
683,0.227095535208329,credit_amount,5103,2372.0,0.06955187938052595,0.06955187938052595,increases_risk
683,0.227095535208329,age,47,33.0,-0.0370580257886077,0.0370580257886077,reduces_risk
691,0.31315726395953375,checking_status,0<=X<200,no checking,0.14192593447020424,0.14192593447020424,increases_risk
691,0.31315726395953375,personal_status,female div/dep/mar,male single,0.10918767177896307,0.10918767177896307,increases_risk
691,0.31315726395953375,property_magnitude,real estate,car,-0.08915459787279495,0.08915459787279495,reduces_risk
691,0.31315726395953375,purpose,repairs,radio/tv,0.07479099562185382,0.07479099562185382,increases_risk
696,0.13869526080107733,checking_status,0<=X<200,no checking,0.08474068980843755,0.08474068980843755,increases_risk
696,0.13869526080107733,duration,12,18.0,-0.07209871239890484,0.07209871239890484,reduces_risk
696,0.13869526080107733,other_parties,guarantor,none,-0.05502733070751328,0.05502733070751328,reduces_risk
696,0.13869526080107733,property_magnitude,real estate,car,-0.05489488305964918,0.05489488305964918,reduces_risk
698,0.12548412858314587,credit_history,critical/other existing credit,existing paid,-0.04036592517568957,0.04036592517568957,reduces_risk
698,0.12548412858314587,credit_amount,1800,2372.0,0.008723630822048564,0.008723630822048564,increases_risk
698,0.12548412858314587,age,24,33.0,0.0030912097650524772,0.0030912097650524772,increases_risk
698,0.12548412858314587,existing_credits,2,1.0,0.0007076083100714808,0.0007076083100714808,increases_risk
699,0.3575384025754265,checking_status,>=200,no checking,0.1361978631330337,0.1361978631330337,increases_risk
699,0.3575384025754265,duration,15,18.0,-0.13437794979076656,0.13437794979076656,reduces_risk
699,0.3575384025754265,purpose,education,radio/tv,0.1271337182934091,0.1271337182934091,increases_risk
699,0.3575384025754265,housing,rent,own,0.04304982708248989,0.04304982708248989,increases_risk
709,0.15320452901568926,duration,9,18.0,-0.15354037397725268,0.15354037397725268,reduces_risk
709,0.15320452901568926,checking_status,0<=X<200,no checking,0.06144472893817628,0.06144472893817628,increases_risk
709,0.15320452901568926,installment_commitment,2,4.0,-0.035941966064199776,0.035941966064199776,reduces_risk
709,0.15320452901568926,property_magnitude,real estate,car,-0.03471179245887315,0.03471179245887315,reduces_risk
715,0.07858450800320621,credit_history,critical/other existing credit,existing paid,-0.04366612239518909,0.04366612239518909,reduces_risk
715,0.07858450800320621,credit_amount,7596,2372.0,0.02584761112848099,0.02584761112848099,increases_risk
715,0.07858450800320621,purpose,used car,radio/tv,-0.023859284637612443,0.023859284637612443,reduces_risk
715,0.07858450800320621,age,63,33.0,0.022196382351430642,0.022196382351430642,increases_risk
717,0.1695625500174566,property_magnitude,no known property,car,0.013382522638776484,0.013382522638776484,increases_risk
717,0.1695625500174566,job,high qualif/self emp/mgmt,skilled,0.003938834477031722,0.003938834477031722,increases_risk
717,0.1695625500174566,own_telephone,yes,none,-0.0037245318155781637,0.0037245318155781637,reduces_risk
717,0.1695625500174566,credit_amount,1505,2372.0,0.0024954765445154847,0.0024954765445154847,increases_risk
724,0.20710799803018545,purpose,new car,radio/tv,0.03557891447106201,0.03557891447106201,increases_risk
724,0.20710799803018545,housing,rent,own,0.021806087262161378,0.021806087262161378,increases_risk
724,0.20710799803018545,property_magnitude,real estate,car,-0.017203376883087484,0.017203376883087484,reduces_risk
724,0.20710799803018545,age,21,33.0,0.015523967100697394,0.015523967100697394,increases_risk
725,0.08832276195654444,age,41,33.0,-0.06326057771055445,0.06326057771055445,reduces_risk
725,0.08832276195654444,other_payment_plans,bank,none,0.04978224878810587,0.04978224878810587,increases_risk
725,0.08832276195654444,duration,6,18.0,-0.04530504482719523,0.04530504482719523,reduces_risk
725,0.08832276195654444,personal_status,female div/dep/mar,male single,0.024664560797808113,0.024664560797808113,increases_risk
729,0.24105404434083608,savings_status,>=1000,<100,-0.1659120582390913,0.1659120582390913,reduces_risk
729,0.24105404434083608,checking_status,>=200,no checking,0.15635480584767597,0.15635480584767597,increases_risk
729,0.24105404434083608,personal_status,male div/sep,male single,0.06556812698746625,0.06556812698746625,increases_risk
729,0.24105404434083608,credit_amount,1275,2372.0,0.04304926094694869,0.04304926094694869,increases_risk
739,0.68699711908774,checking_status,0<=X<200,no checking,0.22346681593803064,0.22346681593803064,increases_risk
739,0.68699711908774,credit_history,no credits/all paid,existing paid,0.15760971308803784,0.15760971308803784,increases_risk
739,0.68699711908774,personal_status,female div/dep/mar,male single,0.08930734634999549,0.08930734634999549,increases_risk
739,0.68699711908774,housing,rent,own,0.08190459744182033,0.08190459744182033,increases_risk
742,0.08825055410923723,savings_status,no known savings,<100,-0.04706690667376544,0.04706690667376544,reduces_risk
742,0.08825055410923723,own_telephone,yes,none,-0.004281866309860535,0.004281866309860535,reduces_risk
742,0.08825055410923723,property_magnitude,life insurance,car,-0.00212411269150857,0.00212411269150857,reduces_risk
742,0.08825055410923723,age,41,33.0,-0.001226769072953493,0.001226769072953493,reduces_risk
746,0.47008145460167117,checking_status,<0,no checking,0.25112466485121354,0.25112466485121354,increases_risk
746,0.47008145460167117,duration,15,18.0,-0.11400542968713945,0.11400542968713945,reduces_risk
746,0.47008145460167117,purpose,new car,radio/tv,0.07646092549043487,0.07646092549043487,increases_risk
746,0.47008145460167117,personal_status,female div/dep/mar,male single,0.07260723988412082,0.07260723988412082,increases_risk
751,0.6490548256142425,checking_status,<0,no checking,0.34276646230810637,0.34276646230810637,increases_risk
751,0.6490548256142425,credit_amount,976,2372.0,0.11887165084705298,0.11887165084705298,increases_risk
751,0.6490548256142425,purpose,new car,radio/tv,0.09131965400011421,0.09131965400011421,increases_risk
751,0.6490548256142425,installment_commitment,1,4.0,-0.05435113161849048,0.05435113161849048,reduces_risk
761,0.4378178324734104,checking_status,<0,no checking,0.2334033602644626,0.2334033602644626,increases_risk
761,0.4378178324734104,credit_history,critical/other existing credit,existing paid,-0.12734945377737467,0.12734945377737467,reduces_risk
761,0.4378178324734104,housing,rent,own,0.045934575602831096,0.045934575602831096,increases_risk
761,0.4378178324734104,property_magnitude,real estate,car,0.024455640871879347,0.024455640871879347,increases_risk
772,0.050296010966290196,purpose,used car,radio/tv,-0.030191410704857195,0.030191410704857195,reduces_risk
772,0.050296010966290196,credit_history,critical/other existing credit,existing paid,-0.024725611918324487,0.024725611918324487,reduces_risk
772,0.050296010966290196,age,36,33.0,-0.008197152503031754,0.008197152503031754,reduces_risk
772,0.050296010966290196,installment_commitment,1,4.0,-0.005863505294701664,0.005863505294701664,reduces_risk
779,0.47085100559950654,purpose,repairs,radio/tv,0.13905688145191109,0.13905688145191109,increases_risk
779,0.47085100559950654,personal_status,female div/dep/mar,male single,0.08556838231625918,0.08556838231625918,increases_risk
779,0.47085100559950654,checking_status,0<=X<200,no checking,0.07357361962352021,0.07357361962352021,increases_risk
779,0.47085100559950654,credit_amount,3872,2372.0,-0.06536374436407388,0.06536374436407388,reduces_risk
788,0.3937680528010563,checking_status,0<=X<200,no checking,0.08981844029244518,0.08981844029244518,increases_risk
788,0.3937680528010563,credit_amount,6224,2372.0,-0.05719709043482618,0.05719709043482618,reduces_risk
788,0.3937680528010563,purpose,education,radio/tv,-0.056312147442935834,0.056312147442935834,reduces_risk
788,0.3937680528010563,property_magnitude,no known property,car,0.039858108432233086,0.039858108432233086,increases_risk
791,0.07068465661883505,purpose,used car,radio/tv,-0.03758501533431009,0.03758501533431009,reduces_risk
791,0.07068465661883505,savings_status,no known savings,<100,-0.029752756212448536,0.029752756212448536,reduces_risk
791,0.07068465661883505,own_telephone,yes,none,-0.009843675562033707,0.009843675562033707,reduces_risk
791,0.07068465661883505,credit_amount,6313,2372.0,0.006930599588067202,0.006930599588067202,increases_risk
793,0.4049097808839008,checking_status,>=200,no checking,0.21086857768732498,0.21086857768732498,increases_risk
793,0.4049097808839008,duration,24,18.0,0.04548131167352876,0.04548131167352876,increases_risk
793,0.4049097808839008,personal_status,male div/sep,male single,0.04457222814162454,0.04457222814162454,increases_risk
793,0.4049097808839008,property_magnitude,no known property,car,0.04049363343430923,0.04049363343430923,increases_risk
794,0.14081734465418824,savings_status,500<=X<1000,<100,-0.05128398345719598,0.05128398345719598,reduces_risk
794,0.14081734465418824,housing,rent,own,0.023048364325809992,0.023048364325809992,increases_risk
794,0.14081734465418824,purpose,furniture/equipment,radio/tv,0.020138818077565804,0.020138818077565804,increases_risk
794,0.14081734465418824,credit_amount,3062,2372.0,-0.016690905119188137,0.016690905119188137,reduces_risk
796,0.1912712779311854,checking_status,<0,no checking,0.11693372849202292,0.11693372849202292,increases_risk
796,0.1912712779311854,purpose,used car,radio/tv,-0.10040666563654502,0.10040666563654502,reduces_risk
796,0.1912712779311854,installment_commitment,1,4.0,-0.061524508075186696,0.061524508075186696,reduces_risk
796,0.1912712779311854,savings_status,no known savings,<100,-0.0606890453399023,0.0606890453399023,reduces_risk
799,0.2215137231460618,checking_status,0<=X<200,no checking,0.09391737906901126,0.09391737906901126,increases_risk
799,0.2215137231460618,duration,9,18.0,-0.06237161937620736,0.06237161937620736,reduces_risk
799,0.2215137231460618,property_magnitude,real estate,car,-0.055865176618584284,0.055865176618584284,reduces_risk
799,0.2215137231460618,savings_status,no known savings,<100,-0.050027164202447266,0.050027164202447266,reduces_risk
800,0.25841730870405605,credit_history,critical/other existing credit,existing paid,-0.1153975564817189,0.1153975564817189,reduces_risk
800,0.25841730870405605,num_dependents,2,1.0,0.07497696464075396,0.07497696464075396,increases_risk
800,0.25841730870405605,purpose,education,radio/tv,0.07332896246216311,0.07332896246216311,increases_risk
800,0.25841730870405605,credit_amount,1597,2372.0,0.040514920741251154,0.040514920741251154,increases_risk
801,0.40946351247581,checking_status,0<=X<200,no checking,0.18004605501451418,0.18004605501451418,increases_risk
801,0.40946351247581,other_payment_plans,bank,none,0.12171056352507309,0.12171056352507309,increases_risk
801,0.40946351247581,housing,rent,own,0.08011036763513901,0.08011036763513901,increases_risk
801,0.40946351247581,credit_amount,1795,2372.0,0.03746930124544379,0.03746930124544379,increases_risk
802,0.4589491195649664,checking_status,<0,no checking,0.2606374289197423,0.2606374289197423,increases_risk
802,0.4589491195649664,credit_history,critical/other existing credit,existing paid,-0.10615519457466827,0.10615519457466827,reduces_risk
802,0.4589491195649664,credit_amount,4272,2372.0,0.10014357489991488,0.10014357489991488,increases_risk
802,0.4589491195649664,personal_status,female div/dep/mar,male single,0.07088149186943205,0.07088149186943205,increases_risk
803,0.07002363635954496,credit_history,critical/other existing credit,existing paid,-0.04320792018357565,0.04320792018357565,reduces_risk
803,0.07002363635954496,age,35,33.0,-0.013625354393954736,0.013625354393954736,reduces_risk
803,0.07002363635954496,credit_amount,976,2372.0,0.00981375254623397,0.00981375254623397,increases_risk
803,0.07002363635954496,savings_status,no known savings,<100,-0.008509326127898564,0.008509326127898564,reduces_risk
804,0.42949600300792623,checking_status,0<=X<200,no checking,0.12889549333308065,0.12889549333308065,increases_risk
804,0.42949600300792623,personal_status,female div/dep/mar,male single,0.08272301421088124,0.08272301421088124,increases_risk
804,0.42949600300792623,purpose,new car,radio/tv,0.06857480412422995,0.06857480412422995,increases_risk
804,0.42949600300792623,credit_amount,7472,2372.0,0.06053155653342307,0.06053155653342307,increases_risk
806,0.11620951347012577,duration,6,18.0,-0.18861605455095448,0.18861605455095448,reduces_risk
806,0.11620951347012577,property_magnitude,real estate,car,-0.07283789396582126,0.07283789396582126,reduces_risk
806,0.11620951347012577,checking_status,0<=X<200,no checking,0.03990576725852653,0.03990576725852653,increases_risk
806,0.11620951347012577,employment,<1,1<=X<4,0.026288840609467734,0.026288840609467734,increases_risk
817,0.05791241660387836,duration,6,18.0,-0.06532342874086987,0.06532342874086987,reduces_risk
817,0.05791241660387836,credit_history,critical/other existing credit,existing paid,-0.01917431902497746,0.01917431902497746,reduces_risk
817,0.05791241660387836,personal_status,female div/dep/mar,male single,0.0093002893439953,0.0093002893439953,increases_risk
817,0.05791241660387836,employment,4<=X<7,1<=X<4,-0.007707505835872694,0.007707505835872694,reduces_risk
818,0.6828460082618859,credit_amount,15857,2372.0,0.14068844765328603,0.14068844765328603,increases_risk
818,0.6828460082618859,personal_status,male div/sep,male single,0.05209972539370489,0.05209972539370489,increases_risk
818,0.6828460082618859,installment_commitment,2,4.0,-0.05095013433257145,0.05095013433257145,reduces_risk
818,0.6828460082618859,job,high qualif/self emp/mgmt,skilled,-0.03932805893207603,0.03932805893207603,reduces_risk
831,0.7621240494448166,checking_status,<0,no checking,0.42673371759910256,0.42673371759910256,increases_risk
831,0.7621240494448166,credit_amount,1216,2372.0,0.11759316166470146,0.11759316166470146,increases_risk
831,0.7621240494448166,purpose,new car,radio/tv,0.0894058665571249,0.0894058665571249,increases_risk
831,0.7621240494448166,housing,rent,own,0.03902357282946167,0.03902357282946167,increases_risk
832,0.7888112980654024,checking_status,<0,no checking,0.19083865344481088,0.19083865344481088,increases_risk
832,0.7888112980654024,credit_history,no credits/all paid,existing paid,0.1126907413917897,0.1126907413917897,increases_risk
832,0.7888112980654024,installment_commitment,2,4.0,-0.057595327927247864,0.057595327927247864,reduces_risk
832,0.7888112980654024,housing,rent,own,0.040275983587743314,0.040275983587743314,increases_risk
840,0.55104349540801,checking_status,<0,no checking,0.35577572174674066,0.35577572174674066,increases_risk
840,0.55104349540801,duration,36,18.0,0.07748051647154192,0.07748051647154192,increases_risk
840,0.55104349540801,property_magnitude,life insurance,car,-0.02270802565674146,0.02270802565674146,reduces_risk
840,0.55104349540801,employment,4<=X<7,1<=X<4,-0.022155245088346653,0.022155245088346653,reduces_risk
844,0.365154220922689,other_payment_plans,bank,none,0.17291541709649025,0.17291541709649025,increases_risk
844,0.365154220922689,purpose,furniture/equipment,radio/tv,0.032338097276227884,0.032338097276227884,increases_risk
844,0.365154220922689,own_telephone,yes,none,-0.02810569685757286,0.02810569685757286,reduces_risk
844,0.365154220922689,num_dependents,2,1.0,0.02173737198640663,0.02173737198640663,increases_risk
845,0.14643251416101416,savings_status,no known savings,<100,-0.11091626145876343,0.11091626145876343,reduces_risk
845,0.14643251416101416,checking_status,0<=X<200,no checking,0.06667430462377111,0.06667430462377111,increases_risk
845,0.14643251416101416,employment,4<=X<7,1<=X<4,-0.03149453128290278,0.03149453128290278,reduces_risk
845,0.14643251416101416,installment_commitment,2,4.0,-0.016246507746688288,0.016246507746688288,reduces_risk
848,0.3042597319061423,checking_status,<0,no checking,0.22618465594363973,0.22618465594363973,increases_risk
848,0.3042597319061423,duration,9,18.0,-0.1952576683873294,0.1952576683873294,reduces_risk
848,0.3042597319061423,property_magnitude,real estate,car,-0.0976506347191049,0.0976506347191049,reduces_risk
848,0.3042597319061423,credit_amount,1364,2372.0,0.04210769153560434,0.04210769153560434,increases_risk
853,0.6910653960265706,checking_status,<0,no checking,0.3633985821620433,0.3633985821620433,increases_risk
853,0.6910653960265706,property_magnitude,no known property,car,0.12791996729334876,0.12791996729334876,increases_risk
853,0.6910653960265706,credit_history,all paid,existing paid,0.05257484061575046,0.05257484061575046,increases_risk
853,0.6910653960265706,purpose,new car,radio/tv,0.04681710930410954,0.04681710930410954,increases_risk
854,0.34671261366923073,credit_amount,10875,2372.0,0.1689312984617785,0.1689312984617785,increases_risk
854,0.34671261366923073,installment_commitment,2,4.0,-0.13239363387468694,0.13239363387468694,reduces_risk
854,0.34671261366923073,duration,36,18.0,-0.033936371933406595,0.033936371933406595,reduces_risk
854,0.34671261366923073,purpose,new car,radio/tv,0.01828987344805466,0.01828987344805466,increases_risk
856,0.12238091467325367,credit_amount,894,2372.0,0.040878240247310266,0.040878240247310266,increases_risk
856,0.12238091467325367,age,40,33.0,-0.030881791798616595,0.030881791798616595,reduces_risk
856,0.12238091467325367,employment,4<=X<7,1<=X<4,-0.025217853519913166,0.025217853519913166,reduces_risk
856,0.12238091467325367,personal_status,female div/dep/mar,male single,0.017745959710899595,0.017745959710899595,increases_risk
858,0.35939416018364634,checking_status,<0,no checking,0.2284945285306618,0.2284945285306618,increases_risk
858,0.35939416018364634,duration,15,18.0,-0.13165346107674797,0.13165346107674797,reduces_risk
858,0.35939416018364634,credit_amount,3959,2372.0,-0.05371027361869535,0.05371027361869535,reduces_risk
858,0.35939416018364634,purpose,new car,radio/tv,0.050165204644620376,0.050165204644620376,increases_risk
860,0.052115671760732986,purpose,used car,radio/tv,-0.031290463465500996,0.031290463465500996,reduces_risk
860,0.052115671760732986,savings_status,>=1000,<100,-0.02526864150482324,0.02526864150482324,reduces_risk
860,0.052115671760732986,credit_amount,5804,2372.0,0.0075555367084067515,0.0075555367084067515,increases_risk
860,0.052115671760732986,credit_history,critical/other existing credit,existing paid,-0.004551415732072461,0.004551415732072461,reduces_risk
875,0.21481276624305243,checking_status,0<=X<200,no checking,0.1383618992190203,0.1383618992190203,increases_risk
875,0.21481276624305243,credit_history,critical/other existing credit,existing paid,-0.07509297398793283,0.07509297398793283,reduces_risk
875,0.21481276624305243,credit_amount,1322,2372.0,0.07376970590374538,0.07376970590374538,increases_risk
875,0.21481276624305243,age,40,33.0,-0.059465785690478085,0.059465785690478085,reduces_risk
877,0.13680377951707043,credit_amount,3595,2372.0,-0.043594874201303146,0.043594874201303146,reduces_risk
877,0.13680377951707043,duration,36,18.0,0.025579024916039375,0.025579024916039375,increases_risk
877,0.13680377951707043,age,28,33.0,0.002140851739710098,0.002140851739710098,increases_risk
877,0.13680377951707043,employment,>=7,1<=X<4,-0.0009125292918890082,0.0009125292918890082,reduces_risk
887,0.6949553136785037,credit_amount,15672,2372.0,0.26101171820931246,0.26101171820931246,increases_risk
887,0.6949553136785037,checking_status,0<=X<200,no checking,0.16316808449993503,0.16316808449993503,increases_risk
887,0.6949553136785037,age,23,33.0,0.068229953397273,0.068229953397273,increases_risk
887,0.6949553136785037,duration,48,18.0,0.04360907250203905,0.04360907250203905,increases_risk
890,0.31526230126130705,credit_history,critical/other existing credit,existing paid,-0.18694472455581634,0.18694472455581634,reduces_risk
890,0.31526230126130705,checking_status,<0,no checking,0.16546627130856753,0.16546627130856753,increases_risk
890,0.31526230126130705,duration,27,18.0,0.035663181566440716,0.035663181566440716,increases_risk
890,0.31526230126130705,job,high qualif/self emp/mgmt,skilled,-0.03484772370937855,0.03484772370937855,reduces_risk
915,0.7162869407699244,credit_amount,18424,2372.0,0.1722797343860466,0.1722797343860466,increases_risk
915,0.7162869407699244,credit_history,no credits/all paid,existing paid,0.06743290860350315,0.06743290860350315,increases_risk
915,0.7162869407699244,installment_commitment,1,4.0,-0.06218723702065854,0.06218723702065854,reduces_risk
915,0.7162869407699244,duration,48,18.0,0.045156069732141924,0.045156069732141924,increases_risk
917,0.5383877720952847,credit_amount,14896,2372.0,0.2868470207122204,0.2868470207122204,increases_risk
917,0.5383877720952847,duration,6,18.0,-0.19183503696294146,0.19183503696294146,reduces_risk
917,0.5383877720952847,checking_status,<0,no checking,-0.1699370049793384,0.1699370049793384,reduces_risk
917,0.5383877720952847,purpose,new car,radio/tv,-0.08999859200784432,0.08999859200784432,reduces_risk
921,0.343847198849772,credit_amount,12749,2372.0,0.15185586336362378,0.15185586336362378,increases_risk
921,0.343847198849772,savings_status,500<=X<1000,<100,-0.13106278444243707,0.13106278444243707,reduces_risk
921,0.343847198849772,employment,4<=X<7,1<=X<4,-0.07015688264295661,0.07015688264295661,reduces_risk
921,0.343847198849772,credit_history,delayed previously,existing paid,0.01656424741788337,0.01656424741788337,increases_risk
931,0.33171169463464356,checking_status,0<=X<200,no checking,0.13921423630574795,0.13921423630574795,increases_risk
931,0.33171169463464356,duration,9,18.0,-0.10049545118253372,0.10049545118253372,reduces_risk
931,0.33171169463464356,employment,<1,1<=X<4,0.09009706667913156,0.09009706667913156,increases_risk
931,0.33171169463464356,age,22,33.0,0.0310613836423691,0.0310613836423691,increases_risk
933,0.060487891397600746,credit_history,critical/other existing credit,existing paid,-0.04393143190243824,0.04393143190243824,reduces_risk
933,0.060487891397600746,age,42,33.0,-0.021009793612019115,0.021009793612019115,reduces_risk
933,0.060487891397600746,savings_status,500<=X<1000,<100,-0.009001128236233502,0.009001128236233502,reduces_risk
933,0.060487891397600746,own_telephone,yes,none,-0.007932063381121263,0.007932063381121263,reduces_risk
936,0.23311662922053497,duration,9,18.0,-0.15477538847302638,0.15477538847302638,reduces_risk
936,0.23311662922053497,checking_status,>=200,no checking,0.1058903935478015,0.1058903935478015,increases_risk
936,0.23311662922053497,property_magnitude,real estate,car,-0.08249827255152634,0.08249827255152634,reduces_risk
936,0.23311662922053497,credit_amount,745,2372.0,0.06166070534604323,0.06166070534604323,increases_risk
938,0.4422797995746877,checking_status,0<=X<200,no checking,0.21778070996176277,0.21778070996176277,increases_risk
938,0.4422797995746877,credit_amount,6288,2372.0,-0.08623383046304972,0.08623383046304972,reduces_risk
938,0.4422797995746877,property_magnitude,no known property,car,0.04109765127312459,0.04109765127312459,increases_risk
938,0.4422797995746877,purpose,education,radio/tv,-0.03323441004596661,0.03323441004596661,reduces_risk
941,0.11202561141004257,duration,10,18.0,-0.0795097196337848,0.0795097196337848,reduces_risk
941,0.11202561141004257,purpose,new car,radio/tv,0.018931651726520976,0.018931651726520976,increases_risk
941,0.11202561141004257,property_magnitude,real estate,car,-0.018510066792344557,0.018510066792344557,reduces_risk
941,0.11202561141004257,installment_commitment,3,4.0,-0.01771060084490221,0.01771060084490221,reduces_risk
944,0.37245801189685057,checking_status,<0,no checking,0.22788061995834177,0.22788061995834177,increases_risk
944,0.37245801189685057,duration,15,18.0,-0.12625768013994243,0.12625768013994243,reduces_risk
944,0.37245801189685057,other_parties,guarantor,none,-0.10554770153832571,0.10554770153832571,reduces_risk
944,0.37245801189685057,housing,rent,own,0.06735709835022852,0.06735709835022852,increases_risk
947,0.13565445277318555,employment,unemployed,1<=X<4,0.024495531642757043,0.024495531642757043,increases_risk
947,0.13565445277318555,credit_amount,2859,2372.0,-0.0192465750260713,0.0192465750260713,reduces_risk
947,0.13565445277318555,purpose,new car,radio/tv,0.01643535638135689,0.01643535638135689,increases_risk
947,0.13565445277318555,savings_status,no known savings,<100,-0.013674424672932867,0.013674424672932867,reduces_risk
953,0.606175348166199,credit_amount,10974,2372.0,0.22677740978892197,0.22677740978892197,increases_risk
953,0.606175348166199,purpose,furniture/equipment,radio/tv,0.07548591385837544,0.07548591385837544,increases_risk
953,0.606175348166199,personal_status,female div/dep/mar,male single,0.07047221699015349,0.07047221699015349,increases_risk
953,0.606175348166199,duration,36,18.0,0.06602452194343988,0.06602452194343988,increases_risk
966,0.21661943296149141,checking_status,0<=X<200,no checking,0.11796596567437147,0.11796596567437147,increases_risk
966,0.21661943296149141,savings_status,500<=X<1000,<100,-0.0891544370238316,0.0891544370238316,reduces_risk
966,0.21661943296149141,credit_history,critical/other existing credit,existing paid,-0.0433006067776138,0.0433006067776138,reduces_risk
966,0.21661943296149141,duration,27,18.0,0.02327357357130566,0.02327357357130566,increases_risk
974,0.12870682529324792,credit_history,critical/other existing credit,existing paid,-0.044079185753337524,0.044079185753337524,reduces_risk
974,0.12870682529324792,personal_status,female div/dep/mar,male single,0.017758942258846597,0.017758942258846597,increases_risk
974,0.12870682529324792,duration,30,18.0,0.006997169434020206,0.006997169434020206,increases_risk
974,0.12870682529324792,credit_amount,2831,2372.0,-0.005175761162248882,0.005175761162248882,reduces_risk
977,0.20136104298709034,savings_status,no known savings,<100,-0.1380538499755672,0.1380538499755672,reduces_risk
977,0.20136104298709034,checking_status,0<=X<200,no checking,0.013427545676037073,0.013427545676037073,increases_risk
977,0.20136104298709034,credit_history,delayed previously,existing paid,-0.013355935366221955,0.013355935366221955,reduces_risk
977,0.20136104298709034,credit_amount,2427,2372.0,0.012405886280535877,0.012405886280535877,increases_risk
992,0.33459718840208663,checking_status,<0,no checking,0.1980654001399049,0.1980654001399049,increases_risk
992,0.33459718840208663,savings_status,no known savings,<100,-0.11253834478206359,0.11253834478206359,reduces_risk
992,0.33459718840208663,installment_commitment,2,4.0,-0.07524062398049053,0.07524062398049053,reduces_risk
992,0.33459718840208663,job,unskilled resident,skilled,-0.0512676047004304,0.0512676047004304,reduces_risk
993,0.4976762826475912,checking_status,<0,no checking,0.24310515157685975,0.24310515157685975,increases_risk
993,0.4976762826475912,duration,36,18.0,0.06847558651862073,0.06847558651862073,increases_risk
993,0.4976762826475912,credit_amount,3959,2372.0,-0.048804067202705526,0.048804067202705526,reduces_risk
993,0.4976762826475912,job,high qualif/self emp/mgmt,skilled,-0.029546710261152576,0.029546710261152576,reduces_risk
996,0.37688112853809996,checking_status,<0,no checking,0.26365220202573114,0.26365220202573114,increases_risk
996,0.37688112853809996,purpose,used car,radio/tv,-0.1370621767918906,0.1370621767918906,reduces_risk
996,0.37688112853809996,personal_status,male div/sep,male single,0.0697792591823101,0.0697792591823101,increases_risk
996,0.37688112853809996,duration,30,18.0,0.06912360866085515,0.06912360866085515,increases_risk
998,0.7287126078217402,checking_status,<0,no checking,0.4473820232524088,0.4473820232524088,increases_risk
998,0.7287126078217402,duration,45,18.0,0.16322791502830059,0.16322791502830059,increases_risk
998,0.7287126078217402,property_magnitude,no known property,car,0.04312625536398773,0.04312625536398773,increases_risk
998,0.7287126078217402,credit_amount,1845,2372.0,0.020192108226649852,0.020192108226649852,increases_risk
