reporting_month,active_accounts,exposure,balance_30_plus,balance_90_plus,defaults,write_offs,recoveries,expected_loss,average_pd,balance_30_plus_rate,balance_90_plus_rate,expected_loss_rate
2021-09-30,73,1583838.22,0.0,0.0,0,0.0,0.0,32966.25,0.043730520547945205,0.0,0.0,0.02081415234442316
2021-10-31,154,3026746.11,13261.38,0.0,0,0.0,0.0,75328.2,0.05111372077922078,0.004381398213806575,0.0,0.02488751856362343
2021-11-30,232,4287346.44,31646.05,0.0,0,0.0,0.0,96121.27,0.045764030172413796,0.007381267281027095,0.0,0.022419758082344286
2021-12-31,298,5258881.33,26857.74,0.0,0,0.0,0.0,120524.38,0.04613722818791946,0.005107120376873003,0.0,0.02291825436570557
2022-01-31,380,6686181.76,36206.14,0.0,0,0.0,0.0,149132.24,0.045499173684210525,0.005415069661522333,0.0,0.022304544709236263
2022-02-28,456,8020225.4,36361.78,26918.41,0,0.0,0.0,173728.54,0.045299151315789474,0.004533760360400843,0.0033563158960594796,0.021661303932929366
2022-03-31,543,9479910.63,152324.86,27131.67,1,27131.67,521.34,205971.51,0.04543106998158379,0.016068174684891516,0.0028620174871838424,0.02172715735823345
2022-04-30,617,10576302.95,82040.47,0.0,0,0.0,0.0,226456.59,0.04493806482982172,0.0077570083220810165,0.0,0.021411696608028802
2022-05-31,709,12006327.79,49817.62,17034.26,0,0.0,0.0,257096.3,0.04449527080394922,0.004149280352106729,0.0014187735249230607,0.021413400041779135
2022-06-30,787,13064780.94,187508.77000000002,0.0,0,0.0,0.0,280756.16,0.0445011207115629,0.0143522322234972,0.0,0.02148954209713676
2022-07-31,874,14376181.68,238302.88,9426.12,0,0.0,0.0,316140.4,0.045196537757437066,0.016576229022726152,0.0006556761878652052,0.021990567943351146
2022-08-31,962,15773326.83,215285.62,9498.03,1,9498.03,1453.1,346817.22,0.04518140644490644,0.013648713573254477,0.0006021576869842872,0.021987575844835263
2022-09-30,1050,16788827.51,179626.27,59859.17999999999,0,0.0,0.0,372935.47,0.04541093619047619,0.010699155131173302,0.0035654175352236965,0.022213312381574403
2022-10-31,1138,17760695.99,161109.33000000002,77621.45000000001,2,60284.8,8091.49,408458.44,0.04683124868189807,0.009071115799218182,0.004370405869438004,0.022997884780527684
2022-11-30,1213,18712040.94,170999.88,31943.510000000002,1,17471.97,1456.04,456744.72,0.04963633058532564,0.009138494328240819,0.0017071098819432147,0.02440913428228102
2022-12-31,1311,20031295.14,266264.42,27557.28,0,0.0,0.0,514453.93,0.052451954233409606,0.013292421590269674,0.0013757113460413023,0.025682509613305014
2023-01-31,1401,20724208.26,273733.74,57036.67999999999,1,14641.13,808.5,535172.89,0.05264565667380442,0.013208405192893964,0.002752176550458965,0.025823562631965172
2023-02-28,1497,21992506.35,337154.73,56007.479999999996,0,0.0,0.0,583082.64,0.05419944154976619,0.015330436860371758,0.0025466619906193634,0.026512787161250495
2023-03-31,1585,22774505.3,371654.4,91232.34,4,56408.43,6016.4800000000005,634807.03,0.05701143659305994,0.01631887916353555,0.0040058977702580436,0.02787358151748745
2023-04-30,1668,23623359.58,438868.58999999997,97586.65,1,10375.59,386.18,660696.17,0.05737413129496403,0.018577738213473867,0.004130938686748805,0.027967917423538626
2023-05-31,1737,24118848.48,486789.56,115372.39,3,57515.29,2164.2,702617.56,0.0598761065054692,0.02018295195160992,0.004783494953984635,0.029131472034522272
2023-06-30,1802,24409414.48,487968.52,94016.17,6,49064.65,3408.8900000000003,736442.88,0.06209428523862375,0.01999099652307596,0.0038516356087538563,0.030170444301456264
2023-07-31,1873,24889925.55,506811.8,133839.59,3,39756.82,1245.79,753178.11,0.062328502402562734,0.020362125992779433,0.005377259555523258,0.03026036009979146
2023-08-31,1952,25355292.82,689577.77,252290.33,6,68645.48999999999,5077.58,766887.85,0.06233903278688525,0.02719660052421355,0.009950203761835317,0.0302456712073578
2023-09-30,2034,26222220.83,653169.36,204597.52,9,119479.62,7914.46,790343.61,0.06232956833824975,0.024909002339448302,0.007802448210867272,0.030140224015495792
2023-10-31,2097,26629144.33,516019.27,137897.72,2,32314.56,3058.23,797662.87,0.06193620028612303,0.01937798915373561,0.005178451034367127,0.029954506240043352
2023-11-30,2175,27407398.87,573104.54,232498.66,3,40353.69,1709.06,849630.89,0.06405592919540229,0.020910577567698967,0.008483061858689986,0.03100005564300382
2023-12-31,2241,27655042.12,665973.05,300684.19,10,127091.56,14299.06,875327.54,0.06496475502008033,0.02408143321967213,0.010872671561854052,0.031651643711183036
2024-01-31,2302,28127834.34,601091.18,185233.97,5,47201.0,3234.17,885519.6,0.0648008909643788,0.021369977252219556,0.006585433053997431,0.03148196868966628
2024-02-29,2367,28459910.99,626353.62,276921.22,9,128361.34,9437.49,898292.05,0.06498946176594847,0.022008277545916527,0.00973022087445397,0.03156341740898748
2024-03-31,2423,28871305.09,528949.59,181092.05,9,115306.6,9399.26,912329.97,0.06477943829962855,0.018320944908833008,0.006272388776173609,0.03159988670952041
2024-04-30,2476,29235389.86,494279.82,83709.79,2,14136.64,1295.21,928858.32,0.06463499394184169,0.016906900245454774,0.002863303359416873,0.03177170971374212
2024-05-31,2539,29496021.13,641193.25,127190.16,6,63755.33,4161.29,937731.65,0.06473789759747932,0.021738296401878122,0.0043121124520295595,0.031791801540521886
2024-06-30,2594,29688987.17,725368.89,211725.13,1,8494.62,559.96,945638.55,0.06485039282960679,0.02443225448704318,0.007131436609395119,0.03185149242664447
2024-07-31,2643,29716052.26,789162.97,335369.98,8,143679.28,9240.85,941419.77,0.06445417858494136,0.026556790353416883,0.011285818757676393,0.03168051266578301
2024-08-31,2705,30037386.86,698340.63,303939.93,8,122587.1,11943.710000000001,947220.01,0.064213373012939,0.02324904737069395,0.010118720760118745,0.03153470088509557
2024-09-30,2662,28711282.6,671257.39,260181.81,12,123021.24,9895.45,901071.96,0.0639926581517656,0.023379568211975316,0.009062005819273291,0.03138389784091359
2024-10-31,2616,27410711.29,556417.35,214022.41999999998,10,96580.0,8370.16,859547.01,0.06372749617737003,0.020299267104498402,0.007807984905451171,0.03135807024145268
2024-11-30,2578,26165022.01,568186.27,153603.48,4,44056.619999999995,2341.02,819674.87,0.06383252482544609,0.021715489854464677,0.005870565671272677,0.0313271232749863
2024-12-31,2543,24995689.75,577598.47,176687.21,5,66804.23999999999,4705.7,783542.11,0.0636730314589068,0.02310792283697632,0.007068707115793833,0.03134708895160614
2025-01-31,2514,23822060.04,568751.92,175839.26,7,96326.08,9811.390000000001,747136.28,0.06372164876690532,0.02387500992966182,0.007381362472630222,0.03136321034979644
2025-02-28,2468,22648437.42,501701.43,116742.56,4,37374.34,3172.64,694706.77,0.06260557617504052,0.02215170171329197,0.005154552512170616,0.030673496679577993
2025-03-31,2429,21570894.28,525322.33,167217.63,4,20742.940000000002,1367.21,643798.98,0.06091011527377522,0.024353293988699662,0.007752002667550045,0.029845725060963953
2025-04-30,2391,20534210.03,566861.08,157526.28,10,93019.85,7298.23,613499.53,0.061018759933082395,0.027605692119240487,0.007671406875154086,0.029876948229500502
2025-05-31,2362,19448716.87,579908.33,70473.09,5,41934.05,3824.59,572798.88,0.06000815707027943,0.029817305371673083,0.003623534162744999,0.029451756834588543
2025-06-30,2321,18428361.53,538496.43,185138.4,4,9690.11,611.43,527275.21,0.05828684360189573,0.029221069335077236,0.010046384194200253,0.02861215898883008
2025-07-31,2288,17478374.97,519179.15,242785.76,11,132979.53,11560.73,500649.19,0.058242545017482515,0.029704085814105868,0.013890636882245582,0.028643920894208853
2025-08-31,2245,16429789.28,434535.1,136377.55,1,7017.55,724.4,456976.18,0.056580469042316256,0.02644800201600638,0.008300626847723027,0.027813879545995006
2025-09-30,2208,15529769.06,354437.57,141017.25,5,83532.32,5409.18,424589.46,0.0556371865942029,0.022823106295439013,0.009080447330232224,0.02734035891709519
2025-10-31,2151,14590888.12,303612.67,114410.86,5,39641.0,2156.04,399668.05,0.05569347466294747,0.020808374891438754,0.007841254011342527,0.02739161911961806
2025-11-30,2093,13737767.96,244194.24,88309.39,3,54666.630000000005,2731.1900000000005,375830.92,0.05579951122790253,0.017775394133240256,0.006428219653813398,0.02735749512543084
2025-12-31,2043,12895887.79,204289.2,56393.81,4,16882.04,2250.1000000000004,352556.66,0.05557530347528145,0.015841421957658024,0.004373007187898306,0.027338688560347654
2026-01-31,1997,12116465.16,200298.93,41303.25,0,0.0,0.0,331376.14,0.055545297946920376,0.016531135719454335,0.003408853114714853,0.027349242177823422
2026-02-28,1952,11394217.6,224565.18,94545.66,3,18480.34,1442.62,324984.81,0.05788390829918033,0.019708696804245692,0.00829768776752166,0.028521906585319206
2026-03-31,1917,10669846.76,255805.57,84687.33,7,32482.76,2390.8,311392.1,0.05932696087636932,0.02397462454278022,0.00793707087879489,0.02918430854765153
2026-04-30,1861,9967283.82,286118.48,67572.76000000001,4,45134.43,3609.26,297493.42,0.060770838259000544,0.028705762288607127,0.006779455789591432,0.029846989949564813
2026-05-31,1809,9284524.23,251726.12,69710.28,2,5858.38,548.15,286772.43,0.0628571586511885,0.027112441495561693,0.007508223175804022,0.030887143260759198
2026-06-30,1768,8672420.04,273964.44,86229.87,8,49102.53,4081.6,269670.57,0.0633850757918552,0.03159031028667749,0.009942999716605056,0.031095192432584254
2026-07-31,1721,8049973.34,230165.72,97505.87,4,13854.61,774.65,250421.19,0.06365424578733295,0.028592109598216384,0.0121125705492088,0.0311083253848391
2026-08-31,1675,7489075.53,214626.97,129013.19,8,78034.98,6118.24,232814.02,0.0636658,0.02865867344243489,0.0172268512292598,0.031087150752771214
